use insurance;

#
# TABLE STRUCTURE FOR: PolicyClaims
#
SET foreign_key_checks = 0;
--  INSERT statements 

INSERT INTO `PolicyClaims` (`policy_no`, `claim_no`) VALUES ('10', '132');
INSERT INTO `PolicyClaims` (`policy_no`, `claim_no`) VALUES ('101', '152');
INSERT INTO `PolicyClaims` (`policy_no`, `claim_no`) VALUES ('104', '158');
INSERT INTO `PolicyClaims` (`policy_no`, `claim_no`) VALUES ('105', '170');
INSERT INTO `PolicyClaims` (`policy_no`, `claim_no`) VALUES ('107', '171');
INSERT INTO `PolicyClaims` (`policy_no`, `claim_no`) VALUES ('108', '176');
INSERT INTO `PolicyClaims` (`policy_no`, `claim_no`) VALUES ('109', '185');
INSERT INTO `PolicyClaims` (`policy_no`, `claim_no`) VALUES ('11', '194');
INSERT INTO `PolicyClaims` (`policy_no`, `claim_no`) VALUES ('111', '198');
INSERT INTO `PolicyClaims` (`policy_no`, `claim_no`) VALUES ('112', '200');
INSERT INTO `PolicyClaims` (`policy_no`, `claim_no`) VALUES ('113', '210');
INSERT INTO `PolicyClaims` (`policy_no`, `claim_no`) VALUES ('114', '211');
INSERT INTO `PolicyClaims` (`policy_no`, `claim_no`) VALUES ('115', '217');
INSERT INTO `PolicyClaims` (`policy_no`, `claim_no`) VALUES ('116', '220');
INSERT INTO `PolicyClaims` (`policy_no`, `claim_no`) VALUES ('118', '225');
INSERT INTO `PolicyClaims` (`policy_no`, `claim_no`) VALUES ('12', '231');
INSERT INTO `PolicyClaims` (`policy_no`, `claim_no`) VALUES ('120', '232');
INSERT INTO `PolicyClaims` (`policy_no`, `claim_no`) VALUES ('122', '241');
INSERT INTO `PolicyClaims` (`policy_no`, `claim_no`) VALUES ('123', '243');
INSERT INTO `PolicyClaims` (`policy_no`, `claim_no`) VALUES ('124', '248');
INSERT INTO `PolicyClaims` (`policy_no`, `claim_no`) VALUES ('126', '251');
INSERT INTO `PolicyClaims` (`policy_no`, `claim_no`) VALUES ('127', '256');
INSERT INTO `PolicyClaims` (`policy_no`, `claim_no`) VALUES ('128', '268');
INSERT INTO `PolicyClaims` (`policy_no`, `claim_no`) VALUES ('129', '272');
INSERT INTO `PolicyClaims` (`policy_no`, `claim_no`) VALUES ('13', '291');
INSERT INTO `PolicyClaims` (`policy_no`, `claim_no`) VALUES ('132', '294');
INSERT INTO `PolicyClaims` (`policy_no`, `claim_no`) VALUES ('133', '304');
INSERT INTO `PolicyClaims` (`policy_no`, `claim_no`) VALUES ('134', '306');
INSERT INTO `PolicyClaims` (`policy_no`, `claim_no`) VALUES ('137', '310');
INSERT INTO `PolicyClaims` (`policy_no`, `claim_no`) VALUES ('139', '314');
INSERT INTO `PolicyClaims` (`policy_no`, `claim_no`) VALUES ('14', '318');
INSERT INTO `PolicyClaims` (`policy_no`, `claim_no`) VALUES ('140', '322');
INSERT INTO `PolicyClaims` (`policy_no`, `claim_no`) VALUES ('141', '325');
INSERT INTO `PolicyClaims` (`policy_no`, `claim_no`) VALUES ('143', '329');
INSERT INTO `PolicyClaims` (`policy_no`, `claim_no`) VALUES ('144', '330');
INSERT INTO `PolicyClaims` (`policy_no`, `claim_no`) VALUES ('147', '331');
INSERT INTO `PolicyClaims` (`policy_no`, `claim_no`) VALUES ('149', '337');
INSERT INTO `PolicyClaims` (`policy_no`, `claim_no`) VALUES ('15', '338');
INSERT INTO `PolicyClaims` (`policy_no`, `claim_no`) VALUES ('150', '343');
INSERT INTO `PolicyClaims` (`policy_no`, `claim_no`) VALUES ('17', '344');
INSERT INTO `PolicyClaims` (`policy_no`, `claim_no`) VALUES ('18', '354');
INSERT INTO `PolicyClaims` (`policy_no`, `claim_no`) VALUES ('19', '358');
INSERT INTO `PolicyClaims` (`policy_no`, `claim_no`) VALUES ('2', '364');
INSERT INTO `PolicyClaims` (`policy_no`, `claim_no`) VALUES ('21', '384');
INSERT INTO `PolicyClaims` (`policy_no`, `claim_no`) VALUES ('22', '385');
INSERT INTO `PolicyClaims` (`policy_no`, `claim_no`) VALUES ('24', '393');
INSERT INTO `PolicyClaims` (`policy_no`, `claim_no`) VALUES ('27', '399');
INSERT INTO `PolicyClaims` (`policy_no`, `claim_no`) VALUES ('28', '411');
INSERT INTO `PolicyClaims` (`policy_no`, `claim_no`) VALUES ('29', '412');
INSERT INTO `PolicyClaims` (`policy_no`, `claim_no`) VALUES ('3', '417');
INSERT INTO `PolicyClaims` (`policy_no`, `claim_no`) VALUES ('30', '429');
INSERT INTO `PolicyClaims` (`policy_no`, `claim_no`) VALUES ('31', '433');
INSERT INTO `PolicyClaims` (`policy_no`, `claim_no`) VALUES ('32', '439');
INSERT INTO `PolicyClaims` (`policy_no`, `claim_no`) VALUES ('33', '446');
INSERT INTO `PolicyClaims` (`policy_no`, `claim_no`) VALUES ('35', '460');
INSERT INTO `PolicyClaims` (`policy_no`, `claim_no`) VALUES ('36', '467');
INSERT INTO `PolicyClaims` (`policy_no`, `claim_no`) VALUES ('39', '468');
INSERT INTO `PolicyClaims` (`policy_no`, `claim_no`) VALUES ('40', '469');
INSERT INTO `PolicyClaims` (`policy_no`, `claim_no`) VALUES ('42', '471');
INSERT INTO `PolicyClaims` (`policy_no`, `claim_no`) VALUES ('44', '476');
INSERT INTO `PolicyClaims` (`policy_no`, `claim_no`) VALUES ('45', '490');
INSERT INTO `PolicyClaims` (`policy_no`, `claim_no`) VALUES ('47', '494');
INSERT INTO `PolicyClaims` (`policy_no`, `claim_no`) VALUES ('48', '495');
INSERT INTO `PolicyClaims` (`policy_no`, `claim_no`) VALUES ('49', '504');
INSERT INTO `PolicyClaims` (`policy_no`, `claim_no`) VALUES ('5', '507');
INSERT INTO `PolicyClaims` (`policy_no`, `claim_no`) VALUES ('50', '511');
INSERT INTO `PolicyClaims` (`policy_no`, `claim_no`) VALUES ('51', '531');
INSERT INTO `PolicyClaims` (`policy_no`, `claim_no`) VALUES ('53', '539');
INSERT INTO `PolicyClaims` (`policy_no`, `claim_no`) VALUES ('54', '540');
INSERT INTO `PolicyClaims` (`policy_no`, `claim_no`) VALUES ('55', '546');
INSERT INTO `PolicyClaims` (`policy_no`, `claim_no`) VALUES ('56', '551');
INSERT INTO `PolicyClaims` (`policy_no`, `claim_no`) VALUES ('59', '557');
INSERT INTO `PolicyClaims` (`policy_no`, `claim_no`) VALUES ('6', '558');
INSERT INTO `PolicyClaims` (`policy_no`, `claim_no`) VALUES ('60', '559');
INSERT INTO `PolicyClaims` (`policy_no`, `claim_no`) VALUES ('62', '567');
INSERT INTO `PolicyClaims` (`policy_no`, `claim_no`) VALUES ('63', '569');
INSERT INTO `PolicyClaims` (`policy_no`, `claim_no`) VALUES ('64', '577');
INSERT INTO `PolicyClaims` (`policy_no`, `claim_no`) VALUES ('65', '580');
INSERT INTO `PolicyClaims` (`policy_no`, `claim_no`) VALUES ('66', '591');
INSERT INTO `PolicyClaims` (`policy_no`, `claim_no`) VALUES ('67', '597');
INSERT INTO `PolicyClaims` (`policy_no`, `claim_no`) VALUES ('68', '607');
INSERT INTO `PolicyClaims` (`policy_no`, `claim_no`) VALUES ('69', '610');
INSERT INTO `PolicyClaims` (`policy_no`, `claim_no`) VALUES ('7', '616');
INSERT INTO `PolicyClaims` (`policy_no`, `claim_no`) VALUES ('71', '619');
INSERT INTO `PolicyClaims` (`policy_no`, `claim_no`) VALUES ('72', '628');
INSERT INTO `PolicyClaims` (`policy_no`, `claim_no`) VALUES ('73', '633');
INSERT INTO `PolicyClaims` (`policy_no`, `claim_no`) VALUES ('74', '634');
INSERT INTO `PolicyClaims` (`policy_no`, `claim_no`) VALUES ('76', '643');
INSERT INTO `PolicyClaims` (`policy_no`, `claim_no`) VALUES ('78', '645');
INSERT INTO `PolicyClaims` (`policy_no`, `claim_no`) VALUES ('79', '650');
INSERT INTO `PolicyClaims` (`policy_no`, `claim_no`) VALUES ('8', '667');
INSERT INTO `PolicyClaims` (`policy_no`, `claim_no`) VALUES ('80', '675');
INSERT INTO `PolicyClaims` (`policy_no`, `claim_no`) VALUES ('82', '682');
INSERT INTO `PolicyClaims` (`policy_no`, `claim_no`) VALUES ('85', '683');
INSERT INTO `PolicyClaims` (`policy_no`, `claim_no`) VALUES ('88', '689');
INSERT INTO `PolicyClaims` (`policy_no`, `claim_no`) VALUES ('89', '691');
INSERT INTO `PolicyClaims` (`policy_no`, `claim_no`) VALUES ('9', '695');
INSERT INTO `PolicyClaims` (`policy_no`, `claim_no`) VALUES ('91', '708');
INSERT INTO `PolicyClaims` (`policy_no`, `claim_no`) VALUES ('92', '709');
INSERT INTO `PolicyClaims` (`policy_no`, `claim_no`) VALUES ('97', '713');


#
# TABLE STRUCTURE FOR: PolicyTransactions
#

INSERT INTO `PolicyTransactions` (`customer_id`, `policy_no`, `purchase_date`) VALUES ('100', '10', '1979-08-05');
INSERT INTO `PolicyTransactions` (`customer_id`, `policy_no`, `purchase_date`) VALUES ('101', '101', '1970-01-28');
INSERT INTO `PolicyTransactions` (`customer_id`, `policy_no`, `purchase_date`) VALUES ('103', '104', '1974-09-09');
INSERT INTO `PolicyTransactions` (`customer_id`, `policy_no`, `purchase_date`) VALUES ('104', '105', '2002-06-05');
INSERT INTO `PolicyTransactions` (`customer_id`, `policy_no`, `purchase_date`) VALUES ('105', '107', '2000-05-18');
INSERT INTO `PolicyTransactions` (`customer_id`, `policy_no`, `purchase_date`) VALUES ('106', '108', '1997-12-18');
INSERT INTO `PolicyTransactions` (`customer_id`, `policy_no`, `purchase_date`) VALUES ('107', '109', '1981-10-05');
INSERT INTO `PolicyTransactions` (`customer_id`, `policy_no`, `purchase_date`) VALUES ('108', '11', '2007-10-13');
INSERT INTO `PolicyTransactions` (`customer_id`, `policy_no`, `purchase_date`) VALUES ('113', '111', '1991-12-08');
INSERT INTO `PolicyTransactions` (`customer_id`, `policy_no`, `purchase_date`) VALUES ('114', '112', '2010-08-10');
INSERT INTO `PolicyTransactions` (`customer_id`, `policy_no`, `purchase_date`) VALUES ('116', '113', '1986-07-09');
INSERT INTO `PolicyTransactions` (`customer_id`, `policy_no`, `purchase_date`) VALUES ('118', '114', '1991-01-15');
INSERT INTO `PolicyTransactions` (`customer_id`, `policy_no`, `purchase_date`) VALUES ('119', '115', '2016-09-27');
INSERT INTO `PolicyTransactions` (`customer_id`, `policy_no`, `purchase_date`) VALUES ('120', '116', '1980-11-12');
INSERT INTO `PolicyTransactions` (`customer_id`, `policy_no`, `purchase_date`) VALUES ('121', '118', '1978-10-31');
INSERT INTO `PolicyTransactions` (`customer_id`, `policy_no`, `purchase_date`) VALUES ('122', '12', '2017-07-24');
INSERT INTO `PolicyTransactions` (`customer_id`, `policy_no`, `purchase_date`) VALUES ('123', '120', '2005-06-25');
INSERT INTO `PolicyTransactions` (`customer_id`, `policy_no`, `purchase_date`) VALUES ('124', '122', '2021-10-21');
INSERT INTO `PolicyTransactions` (`customer_id`, `policy_no`, `purchase_date`) VALUES ('126', '123', '1994-09-06');
INSERT INTO `PolicyTransactions` (`customer_id`, `policy_no`, `purchase_date`) VALUES ('127', '124', '1990-08-15');
INSERT INTO `PolicyTransactions` (`customer_id`, `policy_no`, `purchase_date`) VALUES ('128', '126', '2022-01-06');
INSERT INTO `PolicyTransactions` (`customer_id`, `policy_no`, `purchase_date`) VALUES ('129', '127', '2015-11-12');
INSERT INTO `PolicyTransactions` (`customer_id`, `policy_no`, `purchase_date`) VALUES ('130', '128', '1994-08-17');
INSERT INTO `PolicyTransactions` (`customer_id`, `policy_no`, `purchase_date`) VALUES ('132', '129', '1998-11-06');
INSERT INTO `PolicyTransactions` (`customer_id`, `policy_no`, `purchase_date`) VALUES ('134', '13', '2009-12-29');
INSERT INTO `PolicyTransactions` (`customer_id`, `policy_no`, `purchase_date`) VALUES ('135', '132', '2000-09-14');
INSERT INTO `PolicyTransactions` (`customer_id`, `policy_no`, `purchase_date`) VALUES ('137', '133', '1995-08-18');
INSERT INTO `PolicyTransactions` (`customer_id`, `policy_no`, `purchase_date`) VALUES ('138', '134', '2018-11-19');
INSERT INTO `PolicyTransactions` (`customer_id`, `policy_no`, `purchase_date`) VALUES ('139', '137', '1986-07-01');
INSERT INTO `PolicyTransactions` (`customer_id`, `policy_no`, `purchase_date`) VALUES ('140', '139', '2017-11-22');
INSERT INTO `PolicyTransactions` (`customer_id`, `policy_no`, `purchase_date`) VALUES ('141', '14', '2015-09-25');
INSERT INTO `PolicyTransactions` (`customer_id`, `policy_no`, `purchase_date`) VALUES ('142', '140', '1971-04-07');
INSERT INTO `PolicyTransactions` (`customer_id`, `policy_no`, `purchase_date`) VALUES ('145', '141', '1999-01-29');
INSERT INTO `PolicyTransactions` (`customer_id`, `policy_no`, `purchase_date`) VALUES ('147', '143', '1993-07-11');
INSERT INTO `PolicyTransactions` (`customer_id`, `policy_no`, `purchase_date`) VALUES ('149', '144', '2008-02-02');
INSERT INTO `PolicyTransactions` (`customer_id`, `policy_no`, `purchase_date`) VALUES ('150', '147', '1987-12-17');
INSERT INTO `PolicyTransactions` (`customer_id`, `policy_no`, `purchase_date`) VALUES ('151', '149', '2017-09-26');
INSERT INTO `PolicyTransactions` (`customer_id`, `policy_no`, `purchase_date`) VALUES ('153', '15', '2019-12-15');
INSERT INTO `PolicyTransactions` (`customer_id`, `policy_no`, `purchase_date`) VALUES ('154', '150', '1983-01-07');
INSERT INTO `PolicyTransactions` (`customer_id`, `policy_no`, `purchase_date`) VALUES ('155', '17', '1993-02-26');
INSERT INTO `PolicyTransactions` (`customer_id`, `policy_no`, `purchase_date`) VALUES ('158', '18', '2002-05-05');
INSERT INTO `PolicyTransactions` (`customer_id`, `policy_no`, `purchase_date`) VALUES ('159', '19', '1984-07-31');
INSERT INTO `PolicyTransactions` (`customer_id`, `policy_no`, `purchase_date`) VALUES ('160', '2', '2016-04-30');
INSERT INTO `PolicyTransactions` (`customer_id`, `policy_no`, `purchase_date`) VALUES ('161', '21', '1986-08-30');
INSERT INTO `PolicyTransactions` (`customer_id`, `policy_no`, `purchase_date`) VALUES ('167', '22', '2008-02-28');
INSERT INTO `PolicyTransactions` (`customer_id`, `policy_no`, `purchase_date`) VALUES ('169', '24', '1972-05-21');
INSERT INTO `PolicyTransactions` (`customer_id`, `policy_no`, `purchase_date`) VALUES ('171', '27', '1996-10-05');
INSERT INTO `PolicyTransactions` (`customer_id`, `policy_no`, `purchase_date`) VALUES ('172', '28', '2013-10-17');
INSERT INTO `PolicyTransactions` (`customer_id`, `policy_no`, `purchase_date`) VALUES ('174', '29', '1988-05-07');
INSERT INTO `PolicyTransactions` (`customer_id`, `policy_no`, `purchase_date`) VALUES ('175', '3', '1971-01-19');
INSERT INTO `PolicyTransactions` (`customer_id`, `policy_no`, `purchase_date`) VALUES ('176', '30', '2013-10-03');
INSERT INTO `PolicyTransactions` (`customer_id`, `policy_no`, `purchase_date`) VALUES ('177', '31', '1973-05-19');
INSERT INTO `PolicyTransactions` (`customer_id`, `policy_no`, `purchase_date`) VALUES ('178', '32', '1997-07-08');
INSERT INTO `PolicyTransactions` (`customer_id`, `policy_no`, `purchase_date`) VALUES ('179', '33', '1984-05-31');
INSERT INTO `PolicyTransactions` (`customer_id`, `policy_no`, `purchase_date`) VALUES ('183', '35', '2000-08-19');
INSERT INTO `PolicyTransactions` (`customer_id`, `policy_no`, `purchase_date`) VALUES ('184', '36', '1998-11-18');
INSERT INTO `PolicyTransactions` (`customer_id`, `policy_no`, `purchase_date`) VALUES ('185', '39', '2016-01-13');
INSERT INTO `PolicyTransactions` (`customer_id`, `policy_no`, `purchase_date`) VALUES ('186', '40', '2000-10-15');
INSERT INTO `PolicyTransactions` (`customer_id`, `policy_no`, `purchase_date`) VALUES ('187', '42', '1979-12-04');
INSERT INTO `PolicyTransactions` (`customer_id`, `policy_no`, `purchase_date`) VALUES ('189', '44', '2011-03-08');
INSERT INTO `PolicyTransactions` (`customer_id`, `policy_no`, `purchase_date`) VALUES ('190', '45', '2008-03-30');
INSERT INTO `PolicyTransactions` (`customer_id`, `policy_no`, `purchase_date`) VALUES ('191', '47', '2018-05-10');
INSERT INTO `PolicyTransactions` (`customer_id`, `policy_no`, `purchase_date`) VALUES ('192', '48', '1973-12-03');
INSERT INTO `PolicyTransactions` (`customer_id`, `policy_no`, `purchase_date`) VALUES ('195', '49', '1979-02-12');
INSERT INTO `PolicyTransactions` (`customer_id`, `policy_no`, `purchase_date`) VALUES ('196', '5', '2005-06-22');
INSERT INTO `PolicyTransactions` (`customer_id`, `policy_no`, `purchase_date`) VALUES ('197', '50', '1995-07-12');
INSERT INTO `PolicyTransactions` (`customer_id`, `policy_no`, `purchase_date`) VALUES ('198', '51', '1999-05-22');
INSERT INTO `PolicyTransactions` (`customer_id`, `policy_no`, `purchase_date`) VALUES ('199', '53', '1984-07-30');
INSERT INTO `PolicyTransactions` (`customer_id`, `policy_no`, `purchase_date`) VALUES ('200', '54', '1975-12-21');
INSERT INTO `PolicyTransactions` (`customer_id`, `policy_no`, `purchase_date`) VALUES ('202', '55', '2020-02-23');
INSERT INTO `PolicyTransactions` (`customer_id`, `policy_no`, `purchase_date`) VALUES ('204', '56', '1992-05-06');
INSERT INTO `PolicyTransactions` (`customer_id`, `policy_no`, `purchase_date`) VALUES ('205', '59', '1995-06-14');
INSERT INTO `PolicyTransactions` (`customer_id`, `policy_no`, `purchase_date`) VALUES ('206', '6', '1979-03-24');
INSERT INTO `PolicyTransactions` (`customer_id`, `policy_no`, `purchase_date`) VALUES ('207', '60', '1981-08-15');
INSERT INTO `PolicyTransactions` (`customer_id`, `policy_no`, `purchase_date`) VALUES ('209', '62', '2022-10-10');
INSERT INTO `PolicyTransactions` (`customer_id`, `policy_no`, `purchase_date`) VALUES ('211', '63', '2022-07-26');
INSERT INTO `PolicyTransactions` (`customer_id`, `policy_no`, `purchase_date`) VALUES ('212', '64', '1985-02-28');
INSERT INTO `PolicyTransactions` (`customer_id`, `policy_no`, `purchase_date`) VALUES ('215', '65', '2003-07-10');
INSERT INTO `PolicyTransactions` (`customer_id`, `policy_no`, `purchase_date`) VALUES ('217', '66', '1970-09-26');
INSERT INTO `PolicyTransactions` (`customer_id`, `policy_no`, `purchase_date`) VALUES ('218', '67', '1997-07-22');
INSERT INTO `PolicyTransactions` (`customer_id`, `policy_no`, `purchase_date`) VALUES ('220', '68', '1995-09-28');
INSERT INTO `PolicyTransactions` (`customer_id`, `policy_no`, `purchase_date`) VALUES ('221', '69', '1996-04-30');
INSERT INTO `PolicyTransactions` (`customer_id`, `policy_no`, `purchase_date`) VALUES ('222', '7', '1984-05-12');
INSERT INTO `PolicyTransactions` (`customer_id`, `policy_no`, `purchase_date`) VALUES ('223', '71', '1974-01-11');
INSERT INTO `PolicyTransactions` (`customer_id`, `policy_no`, `purchase_date`) VALUES ('224', '72', '1999-06-12');
INSERT INTO `PolicyTransactions` (`customer_id`, `policy_no`, `purchase_date`) VALUES ('227', '73', '2022-10-17');
INSERT INTO `PolicyTransactions` (`customer_id`, `policy_no`, `purchase_date`) VALUES ('228', '74', '1978-02-12');
INSERT INTO `PolicyTransactions` (`customer_id`, `policy_no`, `purchase_date`) VALUES ('229', '76', '2017-01-19');
INSERT INTO `PolicyTransactions` (`customer_id`, `policy_no`, `purchase_date`) VALUES ('230', '78', '1977-10-24');
INSERT INTO `PolicyTransactions` (`customer_id`, `policy_no`, `purchase_date`) VALUES ('233', '79', '2007-12-27');
INSERT INTO `PolicyTransactions` (`customer_id`, `policy_no`, `purchase_date`) VALUES ('234', '8', '1996-09-20');
INSERT INTO `PolicyTransactions` (`customer_id`, `policy_no`, `purchase_date`) VALUES ('235', '80', '1993-10-27');
INSERT INTO `PolicyTransactions` (`customer_id`, `policy_no`, `purchase_date`) VALUES ('236', '82', '1989-10-02');
INSERT INTO `PolicyTransactions` (`customer_id`, `policy_no`, `purchase_date`) VALUES ('237', '85', '1978-11-09');
INSERT INTO `PolicyTransactions` (`customer_id`, `policy_no`, `purchase_date`) VALUES ('239', '88', '2001-04-17');
INSERT INTO `PolicyTransactions` (`customer_id`, `policy_no`, `purchase_date`) VALUES ('242', '89', '1987-03-20');
INSERT INTO `PolicyTransactions` (`customer_id`, `policy_no`, `purchase_date`) VALUES ('244', '9', '1974-10-09');
INSERT INTO `PolicyTransactions` (`customer_id`, `policy_no`, `purchase_date`) VALUES ('248', '91', '2019-08-12');
INSERT INTO `PolicyTransactions` (`customer_id`, `policy_no`, `purchase_date`) VALUES ('249', '92', '1990-04-13');
INSERT INTO `PolicyTransactions` (`customer_id`, `policy_no`, `purchase_date`) VALUES ('250', '97', '1972-02-19');


#
# TABLE STRUCTURE FOR: accident
#


INSERT INTO `accident` (`accident_date`, `customer_id`, `car_vin`, `description`, `latitude`, `longitude`, `approx_location`) VALUES ('1970-02-13', '185', '4935', 'Voluptatem repellendus nemo quas praesentium error. Cupiditate iusto optio non quasi nam facere quo. Maiores velit et voluptate aut delectus perferendis.', '-36.802864', '-137.488809', 'East Norvalton');
INSERT INTO `accident` (`accident_date`, `customer_id`, `car_vin`, `description`, `latitude`, `longitude`, `approx_location`) VALUES ('1971-06-12', '119', '1972', 'Commodi fuga dicta laudantium quisquam. Vitae enim dolorem fugit suscipit aut voluptates aut omnis. Labore deleniti quis ea autem voluptatum.', '-5.350168', '-166.333589', 'South Luraland');
INSERT INTO `accident` (`accident_date`, `customer_id`, `car_vin`, `description`, `latitude`, `longitude`, `approx_location`) VALUES ('1972-12-14', '198', '5881', 'Aut sit adipisci sit qui. Voluptate eos nisi ab ad minus harum cupiditate unde. Nemo voluptatum mollitia autem accusantium minus ut reprehenderit. In hic itaque quod consequuntur aut quas aut.', '-88.402498', '-114.116686', 'Angelicashire');
INSERT INTO `accident` (`accident_date`, `customer_id`, `car_vin`, `description`, `latitude`, `longitude`, `approx_location`) VALUES ('1975-01-17', '234', '8288', 'Ipsa aspernatur ipsa et. Odit aliquam qui ducimus quo corporis eum. Optio eveniet qui dignissimos.', '-9.220492', '-76.044480', 'Erinport');
INSERT INTO `accident` (`accident_date`, `customer_id`, `car_vin`, `description`, `latitude`, `longitude`, `approx_location`) VALUES ('1975-03-28', '113', '1634', 'Sequi quasi possimus aut totam sunt quaerat. Modi eius quas vero et consequatur voluptas unde. Eum cupiditate debitis aperiam inventore.', '-19.090311', '98.737535', 'Santosfort');
INSERT INTO `accident` (`accident_date`, `customer_id`, `car_vin`, `description`, `latitude`, `longitude`, `approx_location`) VALUES ('1976-06-17', '101', '1232', 'Quo ea explicabo suscipit consequatur blanditiis sint iure. Dolores quo a quasi commodi omnis rerum. Quidem rerum quia iure est ea porro.', '78.034808', '149.583714', 'North Marlinside');
INSERT INTO `accident` (`accident_date`, `customer_id`, `car_vin`, `description`, `latitude`, `longitude`, `approx_location`) VALUES ('1977-02-12', '175', '4319', 'Molestiae optio natus cum dolorem perferendis et aperiam. Ipsa pariatur praesentium earum. Dignissimos ut officiis quisquam praesentium eum. Aliquam ut deleniti illum dolor odit consequatur.', '29.876367', '23.927056', 'South Holden');
INSERT INTO `accident` (`accident_date`, `customer_id`, `car_vin`, `description`, `latitude`, `longitude`, `approx_location`) VALUES ('1977-06-15', '187', '5141', 'Rem pariatur doloremque sunt voluptate quia sunt sint. Ipsam quisquam qui ut vitae sit consequatur.', '-21.578271', '138.041353', 'Mellieport');
INSERT INTO `accident` (`accident_date`, `customer_id`, `car_vin`, `description`, `latitude`, `longitude`, `approx_location`) VALUES ('1978-02-07', '134', '2943', 'Consequuntur non culpa asperiores adipisci. Ea totam est aspernatur impedit. Adipisci expedita non earum sunt et sequi. Quisquam at commodi qui quaerat atque ea velit reiciendis.', '32.521523', '19.047501', 'Pacochaport');
INSERT INTO `accident` (`accident_date`, `customer_id`, `car_vin`, `description`, `latitude`, `longitude`, `approx_location`) VALUES ('1978-05-03', '249', '8876', 'Architecto autem nulla necessitatibus qui commodi quia aliquid. Numquam reprehenderit delectus ducimus minus. Eveniet natus voluptatem quae consectetur nesciunt et nam.', '4.088997', '171.839907', 'Elveraberg');
INSERT INTO `accident` (`accident_date`, `customer_id`, `car_vin`, `description`, `latitude`, `longitude`, `approx_location`) VALUES ('1978-06-19', '160', '3870', 'Iste et cumque quibusdam. Et aut hic omnis dolore doloribus voluptatem tempore.', '-67.082100', '92.219285', 'Merlberg');
INSERT INTO `accident` (`accident_date`, `customer_id`, `car_vin`, `description`, `latitude`, `longitude`, `approx_location`) VALUES ('1978-10-02', '212', '6753', 'Nam eius voluptas ab explicabo dolores ea sunt. Non autem corporis atque id. Molestiae vel qui rem non sit velit.', '31.114144', '25.327765', 'Nicholausport');
INSERT INTO `accident` (`accident_date`, `customer_id`, `car_vin`, `description`, `latitude`, `longitude`, `approx_location`) VALUES ('1980-01-16', '233', '8237', 'Eum nam et est saepe ut sed. Occaecati culpa rerum doloremque sit est quaerat. Corrupti non iure quo amet iste ut ea. Ut dolor sapiente quisquam qui.', '4.046163', '-98.117639', 'Susiemouth');
INSERT INTO `accident` (`accident_date`, `customer_id`, `car_vin`, `description`, `latitude`, `longitude`, `approx_location`) VALUES ('1980-08-06', '135', '3183', 'Deleniti culpa qui necessitatibus et eum ratione eum est. Ab non voluptatem et consequuntur. Est est doloribus qui. Est sunt consequatur et est non laboriosam rerum.', '-85.314751', '39.817794', 'Hellermouth');
INSERT INTO `accident` (`accident_date`, `customer_id`, `car_vin`, `description`, `latitude`, `longitude`, `approx_location`) VALUES ('1982-06-25', '138', '3255', 'Accusantium voluptatibus rem nihil delectus quisquam. Est rem illum laudantium ipsam dolores. Nam facere necessitatibus ipsum voluptas et aliquid numquam. Voluptatem recusandae quas temporibus architecto occaecati aut.', '-66.350512', '54.851049', 'Zariaside');
INSERT INTO `accident` (`accident_date`, `customer_id`, `car_vin`, `description`, `latitude`, `longitude`, `approx_location`) VALUES ('1982-12-04', '104', '1388', 'Id qui delectus voluptatem possimus minima dolorum in. Praesentium fugit quas repellat nesciunt molestiae. Debitis est nihil qui. Et optio qui repellat ea temporibus et tenetur.', '37.403770', '-156.568550', 'Lake Jamey');
INSERT INTO `accident` (`accident_date`, `customer_id`, `car_vin`, `description`, `latitude`, `longitude`, `approx_location`) VALUES ('1983-05-19', '183', '4610', 'Ipsam a nisi dolorum est quae. Sit ut mollitia aut rerum officiis nesciunt explicabo. Maxime consectetur rerum sunt sint eligendi numquam.', '50.434836', '156.180049', 'Adahfurt');
INSERT INTO `accident` (`accident_date`, `customer_id`, `car_vin`, `description`, `latitude`, `longitude`, `approx_location`) VALUES ('1983-11-05', '224', '7930', 'Distinctio doloremque optio debitis asperiores. Et omnis rerum veritatis neque recusandae eum ut. Dicta quibusdam ut assumenda excepturi voluptatem quis.', '-19.921963', '-91.593506', 'South Oran');
INSERT INTO `accident` (`accident_date`, `customer_id`, `car_vin`, `description`, `latitude`, `longitude`, `approx_location`) VALUES ('1984-02-14', '149', '3432', 'Autem magnam distinctio sint cum ad voluptatem molestias maxime. Occaecati sed natus consequuntur consequatur odit. Doloremque voluptate rerum nihil nobis. Aut nihil odit dolores.', '4.275014', '95.861879', 'New Careyport');
INSERT INTO `accident` (`accident_date`, `customer_id`, `car_vin`, `description`, `latitude`, `longitude`, `approx_location`) VALUES ('1984-09-06', '222', '7354', 'Dolores aperiam id ut totam. Accusantium et animi aut blanditiis deserunt. Occaecati unde eaque ab aut velit nam praesentium. Vel magni porro est et.', '20.315282', '151.393303', 'East Vidal');
INSERT INTO `accident` (`accident_date`, `customer_id`, `car_vin`, `description`, `latitude`, `longitude`, `approx_location`) VALUES ('1985-09-04', '151', '3535', 'Sit et nulla aut a. Modi dolore numquam sapiente exercitationem dolor aspernatur quisquam. Ut ab quas laudantium tenetur et itaque.', '70.903599', '17.943600', 'Lake Aliviaburgh');
INSERT INTO `accident` (`accident_date`, `customer_id`, `car_vin`, `description`, `latitude`, `longitude`, `approx_location`) VALUES ('1986-11-28', '118', '1884', 'Aut accusamus reprehenderit quia animi. Dolor quaerat at quasi dolor. Nemo unde et et quo exercitationem commodi fuga.', '-50.265257', '-9.687977', 'Anabelbury');
INSERT INTO `accident` (`accident_date`, `customer_id`, `car_vin`, `description`, `latitude`, `longitude`, `approx_location`) VALUES ('1987-09-28', '209', '6349', 'Mollitia quo quod voluptates voluptatum voluptatem. Fugit labore aut harum rerum veniam voluptate.', '85.342818', '112.410823', 'East Rubenberg');
INSERT INTO `accident` (`accident_date`, `customer_id`, `car_vin`, `description`, `latitude`, `longitude`, `approx_location`) VALUES ('1987-11-05', '196', '5510', 'Aperiam fugiat laboriosam consectetur sed saepe sed. In culpa incidunt ex quis in recusandae. Voluptatem voluptatem dolorem asperiores tempora nisi.', '24.509973', '13.444284', 'Lake Timmothyside');
INSERT INTO `accident` (`accident_date`, `customer_id`, `car_vin`, `description`, `latitude`, `longitude`, `approx_location`) VALUES ('1988-05-07', '239', '8403', 'Sint beatae quaerat eaque dolore. Est exercitationem necessitatibus voluptatum aut voluptatum consequuntur non. Tempora itaque eius iure qui.', '83.804317', '94.073542', 'East Dorcas');
INSERT INTO `accident` (`accident_date`, `customer_id`, `car_vin`, `description`, `latitude`, `longitude`, `approx_location`) VALUES ('1988-07-13', '186', '5075', 'Cupiditate minima a aliquid veniam et. Tempore perferendis quidem vel tenetur quia et. Praesentium sit odio voluptatum voluptas et.', '-63.252560', '-33.368921', 'Fletcherborough');
INSERT INTO `accident` (`accident_date`, `customer_id`, `car_vin`, `description`, `latitude`, `longitude`, `approx_location`) VALUES ('1988-09-26', '227', '7978', 'Cumque quia officiis rerum doloremque dolor omnis saepe voluptatem. Repellat non est nisi officiis at. Deleniti inventore tempore voluptatem eius.', '-49.710834', '-43.678987', 'Cronaburgh');
INSERT INTO `accident` (`accident_date`, `customer_id`, `car_vin`, `description`, `latitude`, `longitude`, `approx_location`) VALUES ('1989-02-27', '211', '6683', 'Recusandae modi in sed ut. Soluta labore labore reprehenderit eum sapiente ab. Repudiandae sit eos ad.', '-55.321017', '40.886093', 'North Pattiemouth');
INSERT INTO `accident` (`accident_date`, `customer_id`, `car_vin`, `description`, `latitude`, `longitude`, `approx_location`) VALUES ('1989-11-27', '206', '6293', 'Quod et molestiae accusantium perferendis natus dolor at. Distinctio officiis beatae reiciendis dolorem iusto quia. Numquam illo sed aliquid velit autem rem rerum. Dolor quam molestias occaecati quis et ut aut.', '10.013728', '124.792003', 'East Dorthamouth');
INSERT INTO `accident` (`accident_date`, `customer_id`, `car_vin`, `description`, `latitude`, `longitude`, `approx_location`) VALUES ('1991-04-03', '229', '7994', 'Autem error explicabo sequi saepe. Sunt non ipsa ut ut ut sit voluptatem. Ullam rerum laudantium earum sint eius illum voluptatem. Ullam molestiae et dolore corrupti aut iste consequuntur facere.', '-2.631592', '-167.309408', 'Ziemechester');
INSERT INTO `accident` (`accident_date`, `customer_id`, `car_vin`, `description`, `latitude`, `longitude`, `approx_location`) VALUES ('1991-06-18', '121', '2142', 'Rerum accusamus quisquam iusto. Quia accusamus nihil autem quidem. Dolor aspernatur ipsam itaque asperiores nam eveniet. Repellendus molestias ut eos dolorum qui iste ipsam. Vitae excepturi consequatur accusamus maiores sit nihil quae.', '-14.388444', '135.925438', 'East Viviane');
INSERT INTO `accident` (`accident_date`, `customer_id`, `car_vin`, `description`, `latitude`, `longitude`, `approx_location`) VALUES ('1991-07-09', '161', '3959', 'Ut magni saepe autem cupiditate id velit iste. Autem ex illum qui culpa quod ad. Consequatur sunt vitae ut iusto. Molestiae blanditiis non quo aut.', '7.697943', '-9.343531', 'Port Stefan');
INSERT INTO `accident` (`accident_date`, `customer_id`, `car_vin`, `description`, `latitude`, `longitude`, `approx_location`) VALUES ('1992-01-07', '167', '4008', 'Expedita in exercitationem ea doloribus iusto et. Maiores velit quis amet. Inventore ut rerum nisi libero nemo distinctio reiciendis.', '50.307244', '-148.399036', 'Pagacmouth');
INSERT INTO `accident` (`accident_date`, `customer_id`, `car_vin`, `description`, `latitude`, `longitude`, `approx_location`) VALUES ('1992-03-18', '191', '5316', 'Facilis vero a sapiente est voluptatem id odit ipsam. Magnam in at non quas eum minima non et. Placeat laudantium ut debitis impedit ratione ratione illo.', '-22.231631', '76.254142', 'East Loyce');
INSERT INTO `accident` (`accident_date`, `customer_id`, `car_vin`, `description`, `latitude`, `longitude`, `approx_location`) VALUES ('1992-09-15', '248', '8640', 'Sint quam quisquam autem maxime sapiente sapiente. Dolorem ut dolores similique dolorum ducimus. Praesentium aperiam accusantium minima voluptatem eos. Minus cupiditate nisi eveniet esse.', '63.671150', '24.985191', 'Stromanside');
INSERT INTO `accident` (`accident_date`, `customer_id`, `car_vin`, `description`, `latitude`, `longitude`, `approx_location`) VALUES ('1992-12-15', '237', '8402', 'Ad non numquam in aut nobis ut assumenda. Dolores exercitationem incidunt illum. Ea nihil quidem eaque hic maiores optio voluptatem. Reiciendis molestias laborum fuga est maxime ad et.', '60.626203', '129.551765', 'Port Ewald');
INSERT INTO `accident` (`accident_date`, `customer_id`, `car_vin`, `description`, `latitude`, `longitude`, `approx_location`) VALUES ('1993-10-16', '242', '8536', 'Voluptas nisi vero asperiores officia est sit delectus. Enim blanditiis quia laborum libero voluptatem et deserunt. Ipsum dolorem provident quae eius hic sit.', '-54.304235', '-94.149882', 'New Casperville');
INSERT INTO `accident` (`accident_date`, `customer_id`, `car_vin`, `description`, `latitude`, `longitude`, `approx_location`) VALUES ('1994-08-19', '103', '1244', 'Aut earum quia repellat. Quia ipsam et suscipit dolores. Esse sed eaque aut optio architecto cupiditate voluptas.', '19.519463', '170.346574', 'North Ana');
INSERT INTO `accident` (`accident_date`, `customer_id`, `car_vin`, `description`, `latitude`, `longitude`, `approx_location`) VALUES ('1994-08-31', '108', '1546', 'Consequuntur qui animi quam minima exercitationem quo eius. Nisi suscipit voluptatem at ratione est qui officia.', '57.595981', '72.927341', 'Lake Sammieport');
INSERT INTO `accident` (`accident_date`, `customer_id`, `car_vin`, `description`, `latitude`, `longitude`, `approx_location`) VALUES ('1994-11-09', '189', '5164', 'Eum ad cupiditate minima deleniti ducimus repudiandae. Qui ipsa qui qui consequatur voluptatem. Architecto neque incidunt est sint incidunt pariatur.', '83.816604', '-65.387621', 'Strackeburgh');
INSERT INTO `accident` (`accident_date`, `customer_id`, `car_vin`, `description`, `latitude`, `longitude`, `approx_location`) VALUES ('1995-09-22', '177', '4433', 'Vel sapiente nemo voluptatem est voluptate. Voluptatem nostrum ut sed earum occaecati. Sit enim est dolorem voluptas voluptate.', '38.742445', '-87.130388', 'North Sarinamouth');
INSERT INTO `accident` (`accident_date`, `customer_id`, `car_vin`, `description`, `latitude`, `longitude`, `approx_location`) VALUES ('1996-08-20', '128', '2772', 'Quisquam et sed cum ratione repellendus porro quod. Quae amet quia porro ipsam. Omnis unde autem at. Aut hic veniam pariatur quia voluptatem qui enim.', '58.512659', '36.657888', 'New Hope');
INSERT INTO `accident` (`accident_date`, `customer_id`, `car_vin`, `description`, `latitude`, `longitude`, `approx_location`) VALUES ('1996-10-11', '142', '3337', 'Ut vitae ipsa debitis molestiae totam officiis. Aut atque id natus nostrum. Enim aut praesentium non labore nihil rerum iusto. Et ipsam non omnis rerum rem ipsa.', '-49.527849', '22.678582', 'Lake Charleyton');
INSERT INTO `accident` (`accident_date`, `customer_id`, `car_vin`, `description`, `latitude`, `longitude`, `approx_location`) VALUES ('1996-12-17', '220', '7158', 'Nihil sunt fugiat dolorem amet deleniti eveniet natus nostrum. Et porro sed repellendus amet id sint sequi.', '-23.811902', '68.190363', 'Tianafurt');
INSERT INTO `accident` (`accident_date`, `customer_id`, `car_vin`, `description`, `latitude`, `longitude`, `approx_location`) VALUES ('1997-12-20', '197', '5704', 'Quos amet consequuntur iusto est dolore. Omnis incidunt eius temporibus et sed. Commodi quaerat est praesentium officia culpa natus.', '-86.507497', '82.928182', 'Courtneytown');
INSERT INTO `accident` (`accident_date`, `customer_id`, `car_vin`, `description`, `latitude`, `longitude`, `approx_location`) VALUES ('1999-06-16', '178', '4456', 'Ex odio consequatur omnis tempore dolores. Qui distinctio magnam hic eveniet. Voluptatem voluptas voluptatum voluptatem aut ducimus est ut. Quae dolorem et accusamus voluptatibus.', '8.522444', '-34.548456', 'Crooksburgh');
INSERT INTO `accident` (`accident_date`, `customer_id`, `car_vin`, `description`, `latitude`, `longitude`, `approx_location`) VALUES ('2001-01-03', '169', '4084', 'Rerum commodi nobis id reiciendis veritatis eius. Dolorem illum suscipit iure rem eaque doloremque. Quisquam hic sit consequuntur ratione dolores in. Sint at mollitia earum.', '49.834650', '-105.945751', 'Brandofurt');
INSERT INTO `accident` (`accident_date`, `customer_id`, `car_vin`, `description`, `latitude`, `longitude`, `approx_location`) VALUES ('2001-08-17', '120', '2022', 'Odio quia hic quos. Aut est tenetur nemo voluptatem et. Porro et voluptatibus qui ea sit illum debitis vitae. Maxime facilis voluptatum voluptates exercitationem.', '-2.422004', '176.191882', 'Port Royce');
INSERT INTO `accident` (`accident_date`, `customer_id`, `car_vin`, `description`, `latitude`, `longitude`, `approx_location`) VALUES ('2002-03-29', '114', '1648', 'Et aut est necessitatibus quidem aliquid fugiat labore. Quis et eum explicabo consequatur velit maiores temporibus magni. Ex cupiditate asperiores ea autem. Architecto eum numquam architecto et deserunt et.', '-32.188451', '56.881362', 'Lake Hugh');
INSERT INTO `accident` (`accident_date`, `customer_id`, `car_vin`, `description`, `latitude`, `longitude`, `approx_location`) VALUES ('2002-05-13', '217', '7076', 'Est omnis voluptas aut inventore dolor eum. Amet non dolores quaerat et illo. Beatae aut et sit asperiores.', '1.464905', '-87.855911', 'North Dereckfort');
INSERT INTO `accident` (`accident_date`, `customer_id`, `car_vin`, `description`, `latitude`, `longitude`, `approx_location`) VALUES ('2002-06-12', '116', '1880', 'Perferendis nihil inventore ipsa aspernatur expedita quis incidunt sit. Adipisci aut atque quos a et qui voluptatem excepturi. Est atque aut incidunt hic voluptas accusamus harum. Quas tempora nobis est earum non ut natus.', '19.169944', '-64.846984', 'Legrosborough');
INSERT INTO `accident` (`accident_date`, `customer_id`, `car_vin`, `description`, `latitude`, `longitude`, `approx_location`) VALUES ('2002-09-24', '132', '2942', 'Ut dolores soluta eveniet amet. Nostrum provident omnis aut aut ducimus magnam et. Tempora recusandae quas ipsam sunt quae necessitatibus.', '-69.202765', '20.706553', 'Martinaville');
INSERT INTO `accident` (`accident_date`, `customer_id`, `car_vin`, `description`, `latitude`, `longitude`, `approx_location`) VALUES ('2002-10-08', '123', '2259', 'Nobis non aperiam quos perspiciatis minus qui. Id dignissimos explicabo sint aliquid et reiciendis id. Eum vel enim aperiam dolor officiis.', '0.971938', '-168.672754', 'Dayanafurt');
INSERT INTO `accident` (`accident_date`, `customer_id`, `car_vin`, `description`, `latitude`, `longitude`, `approx_location`) VALUES ('2002-10-24', '235', '8298', 'Repellendus expedita corporis omnis et velit. Sint dolorem sint atque voluptate enim nemo et. Harum et tempora sed sed dolorem est distinctio deserunt. Quis nesciunt adipisci dolor voluptatem.', '-12.290791', '157.687275', 'Bogisichview');
INSERT INTO `accident` (`accident_date`, `customer_id`, `car_vin`, `description`, `latitude`, `longitude`, `approx_location`) VALUES ('2004-08-02', '199', '5896', 'Aspernatur numquam minus aut adipisci autem voluptate ut assumenda. Totam sint officiis pariatur qui minus fuga. Dolore quis labore aut in eum pariatur. Alias repellendus aut laborum at. Quo fugit est voluptate.', '-48.690329', '23.355362', 'Port Lerafurt');
INSERT INTO `accident` (`accident_date`, `customer_id`, `car_vin`, `description`, `latitude`, `longitude`, `approx_location`) VALUES ('2004-11-04', '236', '8356', 'Sint quia et aut. Commodi facere sunt quia. Blanditiis maxime sint soluta ea odio vel aperiam velit. Impedit et est culpa aut laborum tempore aut.', '-2.989667', '-21.219740', 'South Gabriella');
INSERT INTO `accident` (`accident_date`, `customer_id`, `car_vin`, `description`, `latitude`, `longitude`, `approx_location`) VALUES ('2005-04-01', '223', '7498', 'Eveniet ipsam id minima. Quae et rem laboriosam sit magni est. Modi ab vero temporibus nesciunt ut. Illum et maiores aut porro aspernatur.', '58.477215', '90.474370', 'East Cathrine');
INSERT INTO `accident` (`accident_date`, `customer_id`, `car_vin`, `description`, `latitude`, `longitude`, `approx_location`) VALUES ('2006-04-01', '106', '1403', 'Neque aperiam harum corporis molestiae sed laudantium minima. Magnam odit ut impedit quasi ut enim maxime. Expedita veritatis quaerat accusamus mollitia. Tempora ut provident consequatur ex eius voluptas asperiores sapiente.', '-42.511842', '-22.601188', 'Jarrethaven');
INSERT INTO `accident` (`accident_date`, `customer_id`, `car_vin`, `description`, `latitude`, `longitude`, `approx_location`) VALUES ('2006-11-24', '154', '3657', 'Et vitae voluptas sint sint non distinctio ut. Iure est veniam sunt qui. Ut reprehenderit reiciendis dolor eius. Eius repudiandae ipsam praesentium. Suscipit accusamus laudantium sed ut dicta delectus enim sapiente.', '-84.043639', '-53.184572', 'Adrianabury');
INSERT INTO `accident` (`accident_date`, `customer_id`, `car_vin`, `description`, `latitude`, `longitude`, `approx_location`) VALUES ('2007-02-18', '159', '3803', 'Molestias sequi voluptas nostrum rerum repellendus voluptatem. Rem sint suscipit fugiat ipsum. Vero rerum incidunt corporis voluptatum.', '-75.258700', '-112.436351', 'West Harrisonborough');
INSERT INTO `accident` (`accident_date`, `customer_id`, `car_vin`, `description`, `latitude`, `longitude`, `approx_location`) VALUES ('2007-10-15', '150', '3465', 'Eius est quod provident voluptatum. Facere ut optio eligendi aut. Veniam fuga qui sit doloribus consequatur itaque. Explicabo qui possimus quo nobis quam consequatur.', '19.558231', '55.692881', 'Schmittside');
INSERT INTO `accident` (`accident_date`, `customer_id`, `car_vin`, `description`, `latitude`, `longitude`, `approx_location`) VALUES ('2009-09-08', '130', '2893', 'Ipsa dolorum ex nulla nostrum sed. Est quibusdam quia provident adipisci non quia quod est. Omnis deleniti eum reprehenderit eligendi debitis maxime laudantium.', '58.182971', '154.995893', 'Mellieside');
INSERT INTO `accident` (`accident_date`, `customer_id`, `car_vin`, `description`, `latitude`, `longitude`, `approx_location`) VALUES ('2009-09-12', '124', '2517', 'Sapiente fugit enim minus rem distinctio. Aliquam quis incidunt sunt non dolorum. Minima sit explicabo saepe laboriosam qui. Et consequatur pariatur et.', '35.719577', '-130.249197', 'East Caseyshire');
INSERT INTO `accident` (`accident_date`, `customer_id`, `car_vin`, `description`, `latitude`, `longitude`, `approx_location`) VALUES ('2009-11-30', '171', '4118', 'Veritatis consequatur ratione debitis error rerum natus saepe necessitatibus. Pariatur provident inventore nisi optio. Quia assumenda tenetur consequatur incidunt voluptas.', '-81.514200', '-60.748364', 'New Anissa');
INSERT INTO `accident` (`accident_date`, `customer_id`, `car_vin`, `description`, `latitude`, `longitude`, `approx_location`) VALUES ('2010-02-28', '137', '3194', 'Quia eum ut fuga nobis id nemo et. Tempore nobis deleniti ea ab. Consequatur inventore enim nisi quia dolorem est. Sint reiciendis suscipit ipsum veritatis ipsum reiciendis.', '56.352292', '-63.213726', 'North Devonte');
INSERT INTO `accident` (`accident_date`, `customer_id`, `car_vin`, `description`, `latitude`, `longitude`, `approx_location`) VALUES ('2010-05-18', '155', '3681', 'Eum nam non laboriosam laudantium. Molestiae animi cum quam debitis. Perferendis quia dolorem voluptates maxime. Voluptatem possimus sint exercitationem harum aliquam modi.', '-22.573662', '84.834521', 'Rolfsonton');
INSERT INTO `accident` (`accident_date`, `customer_id`, `car_vin`, `description`, `latitude`, `longitude`, `approx_location`) VALUES ('2010-07-15', '174', '4270', 'Ipsum est fuga quis recusandae sed. Sunt praesentium corporis accusantium. Omnis ea est sint unde sit dolorum iste. Voluptas sed exercitationem omnis architecto ut. Vero doloribus magni quisquam fugit sint ut cupiditate.', '70.009216', '133.168004', 'Port Pedro');
INSERT INTO `accident` (`accident_date`, `customer_id`, `car_vin`, `description`, `latitude`, `longitude`, `approx_location`) VALUES ('2011-01-09', '176', '4415', 'Quia magni facere numquam exercitationem sapiente possimus doloribus. Asperiores aspernatur expedita et inventore. Sunt nisi quia voluptas enim magnam. Animi sapiente et quas qui consectetur vitae.', '22.261671', '123.361356', 'New Elmiraland');
INSERT INTO `accident` (`accident_date`, `customer_id`, `car_vin`, `description`, `latitude`, `longitude`, `approx_location`) VALUES ('2011-11-12', '145', '3397', 'Possimus deserunt sequi ut vel. Dolor qui aut aut et blanditiis. Autem sit est pariatur doloribus dolorem a.', '-47.187083', '-131.284681', 'Mafaldaburgh');
INSERT INTO `accident` (`accident_date`, `customer_id`, `car_vin`, `description`, `latitude`, `longitude`, `approx_location`) VALUES ('2012-01-24', '141', '3329', 'Est excepturi iure praesentium itaque est harum. Mollitia eum reprehenderit eligendi. Voluptas asperiores fugit ea dolore harum. Aliquid occaecati distinctio labore ut labore nulla vel.', '-62.424275', '-81.938110', 'Lake Osbaldo');
INSERT INTO `accident` (`accident_date`, `customer_id`, `car_vin`, `description`, `latitude`, `longitude`, `approx_location`) VALUES ('2012-04-14', '202', '6254', 'Molestias enim voluptas voluptatum quibusdam sit. Perspiciatis eum aperiam atque doloremque atque veniam. Nam quae vero quibusdam quam aperiam aut. Culpa nostrum et a incidunt dolore libero.', '48.352809', '116.000781', 'East Giovanni');
INSERT INTO `accident` (`accident_date`, `customer_id`, `car_vin`, `description`, `latitude`, `longitude`, `approx_location`) VALUES ('2012-07-12', '158', '3727', 'Consequuntur consequatur voluptatem possimus. Non magnam ex quae reprehenderit magni cupiditate voluptatem. Sunt labore quae omnis neque quaerat adipisci. Illum et dolorem vitae est reiciendis sequi.', '23.407075', '-159.044273', 'West Lorenaside');
INSERT INTO `accident` (`accident_date`, `customer_id`, `car_vin`, `description`, `latitude`, `longitude`, `approx_location`) VALUES ('2012-07-23', '195', '5476', 'Omnis labore qui et rerum excepturi. Vel velit corrupti qui officiis inventore. Quisquam quo eos maxime.', '-83.006693', '-106.138509', 'Schmelerville');
INSERT INTO `accident` (`accident_date`, `customer_id`, `car_vin`, `description`, `latitude`, `longitude`, `approx_location`) VALUES ('2012-10-27', '205', '6263', 'Ut non aspernatur ipsa sed necessitatibus et debitis. Saepe ipsam reiciendis consequatur quod. Quia eveniet et autem ipsam. Aperiam aliquid quis nemo molestiae nulla est quis animi. Voluptas quisquam sunt aut ratione.', '43.056116', '42.797535', 'Anissahaven');
INSERT INTO `accident` (`accident_date`, `customer_id`, `car_vin`, `description`, `latitude`, `longitude`, `approx_location`) VALUES ('2013-04-29', '228', '7979', 'Tempore accusamus est ut molestiae. Enim voluptatum repellendus a labore occaecati et. Ut molestiae ut sed alias maiores dolorem.', '82.780478', '-47.968814', 'East Diamondville');
INSERT INTO `accident` (`accident_date`, `customer_id`, `car_vin`, `description`, `latitude`, `longitude`, `approx_location`) VALUES ('2013-05-22', '230', '8108', 'In inventore ex a beatae. Quia fugiat quis dolore praesentium voluptas qui. Voluptate voluptas sequi sed nam ratione dolores voluptatem. Molestias quam maiores illum incidunt dolores. Id rem sit id saepe.', '-22.963285', '-168.130684', 'East Aileen');
INSERT INTO `accident` (`accident_date`, `customer_id`, `car_vin`, `description`, `latitude`, `longitude`, `approx_location`) VALUES ('2013-12-29', '147', '3403', 'Velit eaque accusamus doloremque iste facere quam itaque accusantium. Natus odio culpa voluptatibus ullam necessitatibus ut est nemo. Quisquam ex voluptates magni. Dolorem sequi consequatur sint qui facilis explicabo possimus.', '-11.359505', '-171.490654', 'Mohrmouth');
INSERT INTO `accident` (`accident_date`, `customer_id`, `car_vin`, `description`, `latitude`, `longitude`, `approx_location`) VALUES ('2014-03-13', '127', '2705', 'Doloribus dignissimos voluptatem doloremque nihil. Veniam voluptatum culpa qui veritatis. Molestiae qui vel et fuga blanditiis.', '64.915394', '-145.019137', 'Corwinhaven');
INSERT INTO `accident` (`accident_date`, `customer_id`, `car_vin`, `description`, `latitude`, `longitude`, `approx_location`) VALUES ('2014-09-12', '204', '6255', 'Voluptatem non velit doloremque aspernatur similique. Id molestiae nobis maxime sint nemo voluptatem possimus. Expedita doloribus et sapiente.', '73.860355', '114.936983', 'Lillaborough');
INSERT INTO `accident` (`accident_date`, `customer_id`, `car_vin`, `description`, `latitude`, `longitude`, `approx_location`) VALUES ('2014-12-02', '129', '2843', 'Sint nam incidunt officia cupiditate fuga velit quia. Odit et hic voluptates dolorem dolorem. Et est molestiae ullam atque et tenetur minus. Ab explicabo totam occaecati officia aliquid quaerat quo. Sapiente nesciunt impedit voluptatem blanditiis.', '-7.467585', '-66.969624', 'Dahliamouth');
INSERT INTO `accident` (`accident_date`, `customer_id`, `car_vin`, `description`, `latitude`, `longitude`, `approx_location`) VALUES ('2015-02-01', '215', '7034', 'A odit voluptas velit neque. Consequatur autem recusandae est voluptate quae odio. Vero placeat sit architecto deleniti rem et incidunt perferendis. Deserunt nihil id et voluptas.', '56.470235', '47.218787', 'Budport');
INSERT INTO `accident` (`accident_date`, `customer_id`, `car_vin`, `description`, `latitude`, `longitude`, `approx_location`) VALUES ('2015-08-29', '207', '6341', 'Sit ullam eveniet vitae omnis iusto facilis. Ad voluptate in esse voluptas qui accusamus. Sapiente dolor eos dolorem et quibusdam.', '-83.202176', '3.580294', 'South Selmerville');
INSERT INTO `accident` (`accident_date`, `customer_id`, `car_vin`, `description`, `latitude`, `longitude`, `approx_location`) VALUES ('2016-06-01', '179', '4498', 'Nemo adipisci doloribus incidunt in officiis et optio. Minima a voluptatum quia. Culpa sit incidunt ipsa unde quaerat.', '-41.170282', '16.746232', 'Batzburgh');
INSERT INTO `accident` (`accident_date`, `customer_id`, `car_vin`, `description`, `latitude`, `longitude`, `approx_location`) VALUES ('2016-10-18', '250', '8939', 'Ex sequi veniam ad culpa voluptatem voluptas. Aliquid quae consectetur eveniet. Soluta possimus iure ut. Recusandae atque quae et error. Sunt accusantium aut voluptatem fuga maiores sint sed sunt.', '-66.557842', '47.084050', 'North Sonia');
INSERT INTO `accident` (`accident_date`, `customer_id`, `car_vin`, `description`, `latitude`, `longitude`, `approx_location`) VALUES ('2016-10-19', '107', '1482', 'Dolorum dignissimos ut harum. Nobis ullam commodi et quam et fuga nulla. Optio explicabo architecto delectus repudiandae omnis quo temporibus atque. Id animi porro quis sunt totam ipsum.', '84.075383', '61.790068', 'Kadeview');
INSERT INTO `accident` (`accident_date`, `customer_id`, `car_vin`, `description`, `latitude`, `longitude`, `approx_location`) VALUES ('2017-04-10', '218', '7151', 'Accusantium explicabo quod quo. Enim atque dolores nulla. Ipsum ut debitis sunt est eligendi sed. Cumque molestiae magni dolor eaque omnis eaque ut.', '43.210742', '-13.227655', 'East Justuston');
INSERT INTO `accident` (`accident_date`, `customer_id`, `car_vin`, `description`, `latitude`, `longitude`, `approx_location`) VALUES ('2017-12-19', '139', '3272', 'Et autem quisquam totam consequatur et exercitationem. Quo ullam iste dolorem asperiores accusamus et dolor. Facere a dolores nulla earum aut laudantium.', '65.452734', '-14.548594', 'Meredithside');
INSERT INTO `accident` (`accident_date`, `customer_id`, `car_vin`, `description`, `latitude`, `longitude`, `approx_location`) VALUES ('2018-05-19', '100', '1227', 'Nulla nam esse molestiae. Provident consequatur quaerat dolor consequatur nihil. Est aut quasi in aliquid est quaerat soluta. In tenetur in et hic. Voluptas alias at quia animi.', '-88.422723', '-167.930674', 'Ryanfort');
INSERT INTO `accident` (`accident_date`, `customer_id`, `car_vin`, `description`, `latitude`, `longitude`, `approx_location`) VALUES ('2019-03-13', '153', '3595', 'Voluptate ea hic autem tenetur ipsam nulla. Sit enim et aut. Sed nam voluptate hic quas corporis a et. Explicabo quia minima blanditiis earum similique tempore.', '21.547803', '29.583491', 'Wunschton');
INSERT INTO `accident` (`accident_date`, `customer_id`, `car_vin`, `description`, `latitude`, `longitude`, `approx_location`) VALUES ('2019-05-26', '244', '8582', 'Aliquid maxime nobis assumenda voluptatem eaque facere. Ut velit laborum omnis veritatis autem voluptatem. Fugit ullam ea error perferendis nemo.', '59.025584', '-5.787586', 'West Sherman');
INSERT INTO `accident` (`accident_date`, `customer_id`, `car_vin`, `description`, `latitude`, `longitude`, `approx_location`) VALUES ('2019-10-27', '190', '5214', 'Expedita possimus aspernatur deleniti in deleniti et sed. Voluptatem corporis nemo cupiditate ut. Omnis dolorum totam quo nesciunt vel. Quidem vero quasi recusandae debitis rerum aut qui.', '23.800701', '-5.169022', 'New Harvey');
INSERT INTO `accident` (`accident_date`, `customer_id`, `car_vin`, `description`, `latitude`, `longitude`, `approx_location`) VALUES ('2020-09-05', '126', '2556', 'Quo ullam explicabo et voluptatem consequuntur quod eos. Sit consequatur perspiciatis aliquid enim quia totam veniam. Aspernatur quis vitae ut. Aut ex ab ab.', '29.204757', '-64.861207', 'West Tiannafurt');
INSERT INTO `accident` (`accident_date`, `customer_id`, `car_vin`, `description`, `latitude`, `longitude`, `approx_location`) VALUES ('2021-04-07', '184', '4679', 'Mollitia voluptas temporibus consequatur ipsa aut earum sequi. Reiciendis quisquam ullam fugiat et praesentium. Inventore facere pariatur corrupti sit ut aut. Unde delectus ut maxime id eos delectus velit.', '53.748520', '51.999632', 'Arnaldoton');
INSERT INTO `accident` (`accident_date`, `customer_id`, `car_vin`, `description`, `latitude`, `longitude`, `approx_location`) VALUES ('2022-01-16', '192', '5395', 'Sed aperiam mollitia sapiente repellendus accusamus repellendus iure. Doloribus adipisci expedita vel. Pariatur asperiores autem occaecati est at voluptatum autem eum. Aut nam nostrum non sint natus enim.', '-80.817319', '-64.495216', 'Port Estellberg');
INSERT INTO `accident` (`accident_date`, `customer_id`, `car_vin`, `description`, `latitude`, `longitude`, `approx_location`) VALUES ('2022-02-08', '221', '7182', 'Delectus doloremque tempore rerum nemo laboriosam ut fugiat. Est minima sapiente ut. Et veniam nulla omnis modi.', '60.755763', '27.099554', 'Satterfieldfort');
INSERT INTO `accident` (`accident_date`, `customer_id`, `car_vin`, `description`, `latitude`, `longitude`, `approx_location`) VALUES ('2022-07-07', '172', '4139', 'Eum officiis saepe accusamus dolores placeat sit. Qui voluptas sequi error pariatur alias delectus ullam. Id excepturi illo et sit doloribus in quis perspiciatis.', '-11.153707', '-58.139568', 'Hintzbury');
INSERT INTO `accident` (`accident_date`, `customer_id`, `car_vin`, `description`, `latitude`, `longitude`, `approx_location`) VALUES ('2022-08-02', '200', '6215', 'Temporibus doloribus dolores et et illum distinctio. Sint et ea quasi. Voluptatem vel aperiam illo maxime nihil laborum. Sunt et blanditiis et ipsa molestias quia molestiae.', '-63.715828', '137.968192', 'Erlingborough');
INSERT INTO `accident` (`accident_date`, `customer_id`, `car_vin`, `description`, `latitude`, `longitude`, `approx_location`) VALUES ('2022-11-30', '105', '1402', 'Omnis suscipit suscipit corrupti minima placeat saepe necessitatibus eius. Dolorem iste enim consequatur recusandae blanditiis. Facilis sed consequuntur fugit sunt. Eligendi incidunt earum excepturi laudantium.', '-51.775003', '-69.534630', 'Beattyberg');
INSERT INTO `accident` (`accident_date`, `customer_id`, `car_vin`, `description`, `latitude`, `longitude`, `approx_location`) VALUES ('2023-11-30', '122', '2159', 'Voluptatem maiores aut autem eos. Beatae voluptatem blanditiis atque eligendi aspernatur quia. Odio sed id architecto maxime nam aut.', '-23.653178', '133.096707', 'North Odie');
INSERT INTO `accident` (`accident_date`, `customer_id`, `car_vin`, `description`, `latitude`, `longitude`, `approx_location`) VALUES ('2024-03-04', '140', '3324', 'Excepturi delectus quo ea officia qui aperiam. Omnis dignissimos quia est officiis alias vitae. Quos quia iste accusamus omnis ea.', '-67.980621', '-9.355222', 'Kolbyberg');




INSERT INTO `bike` (`bike_vin`, `model`, `year_of_mfg`, `BikeType`) VALUES ('137', '435', '1998', '3-wheeler');
INSERT INTO `bike` (`bike_vin`, `model`, `year_of_mfg`, `BikeType`) VALUES ('146', '411', '1989', '3-wheeler');
INSERT INTO `bike` (`bike_vin`, `model`, `year_of_mfg`, `BikeType`) VALUES ('178', '393', '1984', '3-wheeler');
INSERT INTO `bike` (`bike_vin`, `model`, `year_of_mfg`, `BikeType`) VALUES ('193', '442', '2000', 'other');
INSERT INTO `bike` (`bike_vin`, `model`, `year_of_mfg`, `BikeType`) VALUES ('200', '433', '2007', '3-wheeler');
INSERT INTO `bike` (`bike_vin`, `model`, `year_of_mfg`, `BikeType`) VALUES ('206', '421', '1971', 'other');
INSERT INTO `bike` (`bike_vin`, `model`, `year_of_mfg`, `BikeType`) VALUES ('211', '370', '1970', 'other');
INSERT INTO `bike` (`bike_vin`, `model`, `year_of_mfg`, `BikeType`) VALUES ('229', '556', '2004', '2-wheeler');
INSERT INTO `bike` (`bike_vin`, `model`, `year_of_mfg`, `BikeType`) VALUES ('234', '548', '2004', '3-wheeler');
INSERT INTO `bike` (`bike_vin`, `model`, `year_of_mfg`, `BikeType`) VALUES ('241', '284', '2013', '2-wheeler');
INSERT INTO `bike` (`bike_vin`, `model`, `year_of_mfg`, `BikeType`) VALUES ('246', '544', '1994', 'other');
INSERT INTO `bike` (`bike_vin`, `model`, `year_of_mfg`, `BikeType`) VALUES ('276', '256', '2016', 'other');
INSERT INTO `bike` (`bike_vin`, `model`, `year_of_mfg`, `BikeType`) VALUES ('284', '301', '2022', 'other');
INSERT INTO `bike` (`bike_vin`, `model`, `year_of_mfg`, `BikeType`) VALUES ('286', '251', '2015', '3-wheeler');
INSERT INTO `bike` (`bike_vin`, `model`, `year_of_mfg`, `BikeType`) VALUES ('292', '261', '1981', '3-wheeler');
INSERT INTO `bike` (`bike_vin`, `model`, `year_of_mfg`, `BikeType`) VALUES ('299', '332', '1982', '2-wheeler');
INSERT INTO `bike` (`bike_vin`, `model`, `year_of_mfg`, `BikeType`) VALUES ('311', '380', '2023', '3-wheeler');
INSERT INTO `bike` (`bike_vin`, `model`, `year_of_mfg`, `BikeType`) VALUES ('315', '497', '2014', '2-wheeler');
INSERT INTO `bike` (`bike_vin`, `model`, `year_of_mfg`, `BikeType`) VALUES ('318', '335', '1974', '2-wheeler');
INSERT INTO `bike` (`bike_vin`, `model`, `year_of_mfg`, `BikeType`) VALUES ('321', '384', '2004', '3-wheeler');
INSERT INTO `bike` (`bike_vin`, `model`, `year_of_mfg`, `BikeType`) VALUES ('328', '272', '2011', 'other');
INSERT INTO `bike` (`bike_vin`, `model`, `year_of_mfg`, `BikeType`) VALUES ('333', '375', '1984', '3-wheeler');
INSERT INTO `bike` (`bike_vin`, `model`, `year_of_mfg`, `BikeType`) VALUES ('334', '450', '1982', 'other');
INSERT INTO `bike` (`bike_vin`, `model`, `year_of_mfg`, `BikeType`) VALUES ('352', '460', '2008', 'other');
INSERT INTO `bike` (`bike_vin`, `model`, `year_of_mfg`, `BikeType`) VALUES ('359', '502', '1998', '2-wheeler');
INSERT INTO `bike` (`bike_vin`, `model`, `year_of_mfg`, `BikeType`) VALUES ('360', '408', '2002', '3-wheeler');
INSERT INTO `bike` (`bike_vin`, `model`, `year_of_mfg`, `BikeType`) VALUES ('382', '373', '1999', 'other');
INSERT INTO `bike` (`bike_vin`, `model`, `year_of_mfg`, `BikeType`) VALUES ('384', '295', '2021', '3-wheeler');
INSERT INTO `bike` (`bike_vin`, `model`, `year_of_mfg`, `BikeType`) VALUES ('387', '376', '2021', 'other');
INSERT INTO `bike` (`bike_vin`, `model`, `year_of_mfg`, `BikeType`) VALUES ('389', '446', '2003', '2-wheeler');
INSERT INTO `bike` (`bike_vin`, `model`, `year_of_mfg`, `BikeType`) VALUES ('395', '502', '2002', '2-wheeler');
INSERT INTO `bike` (`bike_vin`, `model`, `year_of_mfg`, `BikeType`) VALUES ('398', '265', '1997', 'other');
INSERT INTO `bike` (`bike_vin`, `model`, `year_of_mfg`, `BikeType`) VALUES ('415', '538', '1973', '2-wheeler');
INSERT INTO `bike` (`bike_vin`, `model`, `year_of_mfg`, `BikeType`) VALUES ('417', '328', '2006', 'other');
INSERT INTO `bike` (`bike_vin`, `model`, `year_of_mfg`, `BikeType`) VALUES ('430', '367', '1998', '2-wheeler');
INSERT INTO `bike` (`bike_vin`, `model`, `year_of_mfg`, `BikeType`) VALUES ('436', '254', '1982', 'other');
INSERT INTO `bike` (`bike_vin`, `model`, `year_of_mfg`, `BikeType`) VALUES ('438', '489', '1981', '2-wheeler');
INSERT INTO `bike` (`bike_vin`, `model`, `year_of_mfg`, `BikeType`) VALUES ('455', '351', '2001', 'other');
INSERT INTO `bike` (`bike_vin`, `model`, `year_of_mfg`, `BikeType`) VALUES ('471', '422', '1996', 'other');
INSERT INTO `bike` (`bike_vin`, `model`, `year_of_mfg`, `BikeType`) VALUES ('474', '325', '1975', 'other');
INSERT INTO `bike` (`bike_vin`, `model`, `year_of_mfg`, `BikeType`) VALUES ('479', '277', '2011', '3-wheeler');
INSERT INTO `bike` (`bike_vin`, `model`, `year_of_mfg`, `BikeType`) VALUES ('481', '485', '1989', '2-wheeler');
INSERT INTO `bike` (`bike_vin`, `model`, `year_of_mfg`, `BikeType`) VALUES ('485', '473', '1986', 'other');
INSERT INTO `bike` (`bike_vin`, `model`, `year_of_mfg`, `BikeType`) VALUES ('486', '250', '2002', '3-wheeler');
INSERT INTO `bike` (`bike_vin`, `model`, `year_of_mfg`, `BikeType`) VALUES ('504', '350', '1973', '3-wheeler');
INSERT INTO `bike` (`bike_vin`, `model`, `year_of_mfg`, `BikeType`) VALUES ('507', '279', '1993', '3-wheeler');
INSERT INTO `bike` (`bike_vin`, `model`, `year_of_mfg`, `BikeType`) VALUES ('518', '525', '1992', '3-wheeler');
INSERT INTO `bike` (`bike_vin`, `model`, `year_of_mfg`, `BikeType`) VALUES ('535', '383', '1995', 'other');
INSERT INTO `bike` (`bike_vin`, `model`, `year_of_mfg`, `BikeType`) VALUES ('540', '509', '1993', '3-wheeler');
INSERT INTO `bike` (`bike_vin`, `model`, `year_of_mfg`, `BikeType`) VALUES ('541', '421', '1981', '3-wheeler');
INSERT INTO `bike` (`bike_vin`, `model`, `year_of_mfg`, `BikeType`) VALUES ('557', '350', '1970', 'other');
INSERT INTO `bike` (`bike_vin`, `model`, `year_of_mfg`, `BikeType`) VALUES ('559', '330', '2005', '2-wheeler');
INSERT INTO `bike` (`bike_vin`, `model`, `year_of_mfg`, `BikeType`) VALUES ('577', '285', '1995', '2-wheeler');
INSERT INTO `bike` (`bike_vin`, `model`, `year_of_mfg`, `BikeType`) VALUES ('597', '314', '1994', '3-wheeler');
INSERT INTO `bike` (`bike_vin`, `model`, `year_of_mfg`, `BikeType`) VALUES ('598', '468', '2017', '2-wheeler');
INSERT INTO `bike` (`bike_vin`, `model`, `year_of_mfg`, `BikeType`) VALUES ('599', '269', '2003', '2-wheeler');
INSERT INTO `bike` (`bike_vin`, `model`, `year_of_mfg`, `BikeType`) VALUES ('610', '424', '1994', 'other');
INSERT INTO `bike` (`bike_vin`, `model`, `year_of_mfg`, `BikeType`) VALUES ('615', '311', '2018', '3-wheeler');
INSERT INTO `bike` (`bike_vin`, `model`, `year_of_mfg`, `BikeType`) VALUES ('618', '478', '2008', 'other');
INSERT INTO `bike` (`bike_vin`, `model`, `year_of_mfg`, `BikeType`) VALUES ('626', '405', '1984', '3-wheeler');
INSERT INTO `bike` (`bike_vin`, `model`, `year_of_mfg`, `BikeType`) VALUES ('634', '278', '2003', '3-wheeler');
INSERT INTO `bike` (`bike_vin`, `model`, `year_of_mfg`, `BikeType`) VALUES ('639', '410', '1988', '2-wheeler');
INSERT INTO `bike` (`bike_vin`, `model`, `year_of_mfg`, `BikeType`) VALUES ('642', '331', '1989', '2-wheeler');
INSERT INTO `bike` (`bike_vin`, `model`, `year_of_mfg`, `BikeType`) VALUES ('645', '434', '1994', '2-wheeler');
INSERT INTO `bike` (`bike_vin`, `model`, `year_of_mfg`, `BikeType`) VALUES ('646', '533', '1984', '2-wheeler');
INSERT INTO `bike` (`bike_vin`, `model`, `year_of_mfg`, `BikeType`) VALUES ('656', '490', '1984', '3-wheeler');
INSERT INTO `bike` (`bike_vin`, `model`, `year_of_mfg`, `BikeType`) VALUES ('679', '404', '1991', 'other');
INSERT INTO `bike` (`bike_vin`, `model`, `year_of_mfg`, `BikeType`) VALUES ('691', '455', '1998', '2-wheeler');
INSERT INTO `bike` (`bike_vin`, `model`, `year_of_mfg`, `BikeType`) VALUES ('729', '372', '1976', '2-wheeler');
INSERT INTO `bike` (`bike_vin`, `model`, `year_of_mfg`, `BikeType`) VALUES ('733', '465', '1993', '3-wheeler');
INSERT INTO `bike` (`bike_vin`, `model`, `year_of_mfg`, `BikeType`) VALUES ('736', '500', '2013', 'other');
INSERT INTO `bike` (`bike_vin`, `model`, `year_of_mfg`, `BikeType`) VALUES ('741', '470', '1992', '2-wheeler');
INSERT INTO `bike` (`bike_vin`, `model`, `year_of_mfg`, `BikeType`) VALUES ('744', '334', '1989', '2-wheeler');
INSERT INTO `bike` (`bike_vin`, `model`, `year_of_mfg`, `BikeType`) VALUES ('755', '529', '1981', 'other');
INSERT INTO `bike` (`bike_vin`, `model`, `year_of_mfg`, `BikeType`) VALUES ('765', '360', '2021', '3-wheeler');
INSERT INTO `bike` (`bike_vin`, `model`, `year_of_mfg`, `BikeType`) VALUES ('766', '287', '1988', '2-wheeler');
INSERT INTO `bike` (`bike_vin`, `model`, `year_of_mfg`, `BikeType`) VALUES ('770', '485', '2013', '2-wheeler');
INSERT INTO `bike` (`bike_vin`, `model`, `year_of_mfg`, `BikeType`) VALUES ('776', '374', '1993', '3-wheeler');
INSERT INTO `bike` (`bike_vin`, `model`, `year_of_mfg`, `BikeType`) VALUES ('778', '457', '1978', '2-wheeler');
INSERT INTO `bike` (`bike_vin`, `model`, `year_of_mfg`, `BikeType`) VALUES ('791', '276', '1997', 'other');
INSERT INTO `bike` (`bike_vin`, `model`, `year_of_mfg`, `BikeType`) VALUES ('798', '369', '1975', '2-wheeler');
INSERT INTO `bike` (`bike_vin`, `model`, `year_of_mfg`, `BikeType`) VALUES ('815', '553', '1973', '3-wheeler');
INSERT INTO `bike` (`bike_vin`, `model`, `year_of_mfg`, `BikeType`) VALUES ('825', '415', '2012', '3-wheeler');
INSERT INTO `bike` (`bike_vin`, `model`, `year_of_mfg`, `BikeType`) VALUES ('831', '421', '1970', 'other');
INSERT INTO `bike` (`bike_vin`, `model`, `year_of_mfg`, `BikeType`) VALUES ('834', '278', '2002', '3-wheeler');
INSERT INTO `bike` (`bike_vin`, `model`, `year_of_mfg`, `BikeType`) VALUES ('841', '263', '1986', '2-wheeler');
INSERT INTO `bike` (`bike_vin`, `model`, `year_of_mfg`, `BikeType`) VALUES ('850', '266', '2023', '3-wheeler');
INSERT INTO `bike` (`bike_vin`, `model`, `year_of_mfg`, `BikeType`) VALUES ('853', '331', '1979', '3-wheeler');
INSERT INTO `bike` (`bike_vin`, `model`, `year_of_mfg`, `BikeType`) VALUES ('859', '379', '1976', '2-wheeler');
INSERT INTO `bike` (`bike_vin`, `model`, `year_of_mfg`, `BikeType`) VALUES ('861', '265', '2012', '3-wheeler');
INSERT INTO `bike` (`bike_vin`, `model`, `year_of_mfg`, `BikeType`) VALUES ('868', '486', '1983', 'other');
INSERT INTO `bike` (`bike_vin`, `model`, `year_of_mfg`, `BikeType`) VALUES ('870', '369', '1989', '3-wheeler');
INSERT INTO `bike` (`bike_vin`, `model`, `year_of_mfg`, `BikeType`) VALUES ('886', '454', '1980', '3-wheeler');
INSERT INTO `bike` (`bike_vin`, `model`, `year_of_mfg`, `BikeType`) VALUES ('887', '321', '2017', '3-wheeler');
INSERT INTO `bike` (`bike_vin`, `model`, `year_of_mfg`, `BikeType`) VALUES ('889', '432', '1984', 'other');
INSERT INTO `bike` (`bike_vin`, `model`, `year_of_mfg`, `BikeType`) VALUES ('895', '292', '1997', '3-wheeler');
INSERT INTO `bike` (`bike_vin`, `model`, `year_of_mfg`, `BikeType`) VALUES ('906', '368', '1973', 'other');
INSERT INTO `bike` (`bike_vin`, `model`, `year_of_mfg`, `BikeType`) VALUES ('912', '258', '2008', 'other');
INSERT INTO `bike` (`bike_vin`, `model`, `year_of_mfg`, `BikeType`) VALUES ('922', '287', '2011', '2-wheeler');
INSERT INTO `bike` (`bike_vin`, `model`, `year_of_mfg`, `BikeType`) VALUES ('923', '514', '2014', 'other');


#
# TABLE STRUCTURE FOR: car
#

INSERT INTO `car` (`car_vin`, `model`, `year_of_mfg`) VALUES ('1227', '3100', '2021');
INSERT INTO `car` (`car_vin`, `model`, `year_of_mfg`) VALUES ('1232', '8931', '1990');
INSERT INTO `car` (`car_vin`, `model`, `year_of_mfg`) VALUES ('1244', '8842', '1973');
INSERT INTO `car` (`car_vin`, `model`, `year_of_mfg`) VALUES ('1388', '5874', '1998');
INSERT INTO `car` (`car_vin`, `model`, `year_of_mfg`) VALUES ('1402', '6237', '1974');
INSERT INTO `car` (`car_vin`, `model`, `year_of_mfg`) VALUES ('1403', '1325', '1973');
INSERT INTO `car` (`car_vin`, `model`, `year_of_mfg`) VALUES ('1482', '2617', '1993');
INSERT INTO `car` (`car_vin`, `model`, `year_of_mfg`) VALUES ('1546', '2515', '2011');
INSERT INTO `car` (`car_vin`, `model`, `year_of_mfg`) VALUES ('1634', '8862', '1973');
INSERT INTO `car` (`car_vin`, `model`, `year_of_mfg`) VALUES ('1648', '2232', '2022');
INSERT INTO `car` (`car_vin`, `model`, `year_of_mfg`) VALUES ('1880', '4441', '2004');
INSERT INTO `car` (`car_vin`, `model`, `year_of_mfg`) VALUES ('1884', '3523', '1998');
INSERT INTO `car` (`car_vin`, `model`, `year_of_mfg`) VALUES ('1972', '7191', '2020');
INSERT INTO `car` (`car_vin`, `model`, `year_of_mfg`) VALUES ('2022', '2225', '1971');
INSERT INTO `car` (`car_vin`, `model`, `year_of_mfg`) VALUES ('2142', '7206', '2006');
INSERT INTO `car` (`car_vin`, `model`, `year_of_mfg`) VALUES ('2159', '5239', '2023');
INSERT INTO `car` (`car_vin`, `model`, `year_of_mfg`) VALUES ('2259', '8727', '2012');
INSERT INTO `car` (`car_vin`, `model`, `year_of_mfg`) VALUES ('2517', '9177', '2016');
INSERT INTO `car` (`car_vin`, `model`, `year_of_mfg`) VALUES ('2556', '3836', '2001');
INSERT INTO `car` (`car_vin`, `model`, `year_of_mfg`) VALUES ('2705', '3497', '1974');
INSERT INTO `car` (`car_vin`, `model`, `year_of_mfg`) VALUES ('2772', '6211', '1978');
INSERT INTO `car` (`car_vin`, `model`, `year_of_mfg`) VALUES ('2843', '8915', '1997');
INSERT INTO `car` (`car_vin`, `model`, `year_of_mfg`) VALUES ('2893', '4201', '1981');
INSERT INTO `car` (`car_vin`, `model`, `year_of_mfg`) VALUES ('2942', '4015', '2010');
INSERT INTO `car` (`car_vin`, `model`, `year_of_mfg`) VALUES ('2943', '2386', '2017');
INSERT INTO `car` (`car_vin`, `model`, `year_of_mfg`) VALUES ('3183', '9119', '2000');
INSERT INTO `car` (`car_vin`, `model`, `year_of_mfg`) VALUES ('3194', '7176', '1989');
INSERT INTO `car` (`car_vin`, `model`, `year_of_mfg`) VALUES ('3255', '9060', '2012');
INSERT INTO `car` (`car_vin`, `model`, `year_of_mfg`) VALUES ('3272', '6296', '2013');
INSERT INTO `car` (`car_vin`, `model`, `year_of_mfg`) VALUES ('3324', '2002', '2014');
INSERT INTO `car` (`car_vin`, `model`, `year_of_mfg`) VALUES ('3329', '4614', '2013');
INSERT INTO `car` (`car_vin`, `model`, `year_of_mfg`) VALUES ('3337', '7503', '1977');
INSERT INTO `car` (`car_vin`, `model`, `year_of_mfg`) VALUES ('3397', '2311', '2016');
INSERT INTO `car` (`car_vin`, `model`, `year_of_mfg`) VALUES ('3403', '5923', '1979');
INSERT INTO `car` (`car_vin`, `model`, `year_of_mfg`) VALUES ('3432', '5830', '2020');
INSERT INTO `car` (`car_vin`, `model`, `year_of_mfg`) VALUES ('3465', '4992', '1976');
INSERT INTO `car` (`car_vin`, `model`, `year_of_mfg`) VALUES ('3535', '1957', '2015');
INSERT INTO `car` (`car_vin`, `model`, `year_of_mfg`) VALUES ('3595', '7482', '2024');
INSERT INTO `car` (`car_vin`, `model`, `year_of_mfg`) VALUES ('3657', '6698', '1992');
INSERT INTO `car` (`car_vin`, `model`, `year_of_mfg`) VALUES ('3681', '4191', '2020');
INSERT INTO `car` (`car_vin`, `model`, `year_of_mfg`) VALUES ('3727', '5127', '1987');
INSERT INTO `car` (`car_vin`, `model`, `year_of_mfg`) VALUES ('3803', '7871', '1999');
INSERT INTO `car` (`car_vin`, `model`, `year_of_mfg`) VALUES ('3870', '3765', '2009');
INSERT INTO `car` (`car_vin`, `model`, `year_of_mfg`) VALUES ('3959', '2053', '1999');
INSERT INTO `car` (`car_vin`, `model`, `year_of_mfg`) VALUES ('4008', '3262', '1977');
INSERT INTO `car` (`car_vin`, `model`, `year_of_mfg`) VALUES ('4084', '4952', '1993');
INSERT INTO `car` (`car_vin`, `model`, `year_of_mfg`) VALUES ('4118', '2282', '2005');
INSERT INTO `car` (`car_vin`, `model`, `year_of_mfg`) VALUES ('4139', '4601', '1971');
INSERT INTO `car` (`car_vin`, `model`, `year_of_mfg`) VALUES ('4270', '7383', '1994');
INSERT INTO `car` (`car_vin`, `model`, `year_of_mfg`) VALUES ('4319', '5675', '2017');
INSERT INTO `car` (`car_vin`, `model`, `year_of_mfg`) VALUES ('4415', '2712', '2012');
INSERT INTO `car` (`car_vin`, `model`, `year_of_mfg`) VALUES ('4433', '6099', '1987');
INSERT INTO `car` (`car_vin`, `model`, `year_of_mfg`) VALUES ('4456', '5525', '2011');
INSERT INTO `car` (`car_vin`, `model`, `year_of_mfg`) VALUES ('4498', '8746', '1995');
INSERT INTO `car` (`car_vin`, `model`, `year_of_mfg`) VALUES ('4610', '3744', '1989');
INSERT INTO `car` (`car_vin`, `model`, `year_of_mfg`) VALUES ('4679', '4894', '2015');
INSERT INTO `car` (`car_vin`, `model`, `year_of_mfg`) VALUES ('4935', '3389', '1978');
INSERT INTO `car` (`car_vin`, `model`, `year_of_mfg`) VALUES ('5075', '1506', '1991');
INSERT INTO `car` (`car_vin`, `model`, `year_of_mfg`) VALUES ('5141', '3185', '2002');
INSERT INTO `car` (`car_vin`, `model`, `year_of_mfg`) VALUES ('5164', '1381', '2003');
INSERT INTO `car` (`car_vin`, `model`, `year_of_mfg`) VALUES ('5214', '1203', '2014');
INSERT INTO `car` (`car_vin`, `model`, `year_of_mfg`) VALUES ('5316', '2813', '2015');
INSERT INTO `car` (`car_vin`, `model`, `year_of_mfg`) VALUES ('5395', '5237', '1972');
INSERT INTO `car` (`car_vin`, `model`, `year_of_mfg`) VALUES ('5476', '4086', '1977');
INSERT INTO `car` (`car_vin`, `model`, `year_of_mfg`) VALUES ('5510', '4433', '2011');
INSERT INTO `car` (`car_vin`, `model`, `year_of_mfg`) VALUES ('5704', '2609', '1983');
INSERT INTO `car` (`car_vin`, `model`, `year_of_mfg`) VALUES ('5881', '2634', '2021');
INSERT INTO `car` (`car_vin`, `model`, `year_of_mfg`) VALUES ('5896', '2985', '1989');
INSERT INTO `car` (`car_vin`, `model`, `year_of_mfg`) VALUES ('6215', '5481', '1993');
INSERT INTO `car` (`car_vin`, `model`, `year_of_mfg`) VALUES ('6254', '1643', '2004');
INSERT INTO `car` (`car_vin`, `model`, `year_of_mfg`) VALUES ('6255', '7224', '1977');
INSERT INTO `car` (`car_vin`, `model`, `year_of_mfg`) VALUES ('6263', '6275', '1993');
INSERT INTO `car` (`car_vin`, `model`, `year_of_mfg`) VALUES ('6293', '4854', '1972');
INSERT INTO `car` (`car_vin`, `model`, `year_of_mfg`) VALUES ('6341', '7916', '2020');
INSERT INTO `car` (`car_vin`, `model`, `year_of_mfg`) VALUES ('6349', '3567', '2008');
INSERT INTO `car` (`car_vin`, `model`, `year_of_mfg`) VALUES ('6683', '5527', '1995');
INSERT INTO `car` (`car_vin`, `model`, `year_of_mfg`) VALUES ('6753', '3097', '2022');
INSERT INTO `car` (`car_vin`, `model`, `year_of_mfg`) VALUES ('7034', '2244', '2001');
INSERT INTO `car` (`car_vin`, `model`, `year_of_mfg`) VALUES ('7076', '7263', '1989');
INSERT INTO `car` (`car_vin`, `model`, `year_of_mfg`) VALUES ('7151', '4288', '1972');
INSERT INTO `car` (`car_vin`, `model`, `year_of_mfg`) VALUES ('7158', '5841', '1995');
INSERT INTO `car` (`car_vin`, `model`, `year_of_mfg`) VALUES ('7182', '8730', '2019');
INSERT INTO `car` (`car_vin`, `model`, `year_of_mfg`) VALUES ('7354', '7283', '2004');
INSERT INTO `car` (`car_vin`, `model`, `year_of_mfg`) VALUES ('7498', '3946', '2000');
INSERT INTO `car` (`car_vin`, `model`, `year_of_mfg`) VALUES ('7930', '5896', '2002');
INSERT INTO `car` (`car_vin`, `model`, `year_of_mfg`) VALUES ('7978', '4821', '2014');
INSERT INTO `car` (`car_vin`, `model`, `year_of_mfg`) VALUES ('7979', '1701', '2007');
INSERT INTO `car` (`car_vin`, `model`, `year_of_mfg`) VALUES ('7994', '3183', '1975');
INSERT INTO `car` (`car_vin`, `model`, `year_of_mfg`) VALUES ('8108', '9197', '2012');
INSERT INTO `car` (`car_vin`, `model`, `year_of_mfg`) VALUES ('8237', '7546', '2008');
INSERT INTO `car` (`car_vin`, `model`, `year_of_mfg`) VALUES ('8288', '5470', '1977');
INSERT INTO `car` (`car_vin`, `model`, `year_of_mfg`) VALUES ('8298', '4414', '1988');
INSERT INTO `car` (`car_vin`, `model`, `year_of_mfg`) VALUES ('8356', '4248', '1997');
INSERT INTO `car` (`car_vin`, `model`, `year_of_mfg`) VALUES ('8402', '2215', '2013');
INSERT INTO `car` (`car_vin`, `model`, `year_of_mfg`) VALUES ('8403', '2940', '1993');
INSERT INTO `car` (`car_vin`, `model`, `year_of_mfg`) VALUES ('8536', '3535', '2008');
INSERT INTO `car` (`car_vin`, `model`, `year_of_mfg`) VALUES ('8582', '4806', '1988');
INSERT INTO `car` (`car_vin`, `model`, `year_of_mfg`) VALUES ('8640', '8637', '1975');
INSERT INTO `car` (`car_vin`, `model`, `year_of_mfg`) VALUES ('8876', '8009', '1979');
INSERT INTO `car` (`car_vin`, `model`, `year_of_mfg`) VALUES ('8939', '2170', '1994');


#
# TABLE STRUCTURE FOR: claim
#


INSERT INTO `claim` (`claim_no`, `transaction_id`, `issued_amount`, `issued_date`, `claim_status`) VALUES ('132', 'f8386da2-a766-3157-aaf2-1105e5a65c21', '50376', '2017-11-25', 'notcompleted');
INSERT INTO `claim` (`claim_no`, `transaction_id`, `issued_amount`, `issued_date`, `claim_status`) VALUES ('152', 'dc907993-4b32-382d-b9ec-8063cce8e8a8', '66871', '1971-10-30', 'notcompleted');
INSERT INTO `claim` (`claim_no`, `transaction_id`, `issued_amount`, `issued_date`, `claim_status`) VALUES ('158', 'ae31c186-0fc9-301d-a392-966acbf2942d', '81190', '2003-06-29', 'notcompleted');
INSERT INTO `claim` (`claim_no`, `transaction_id`, `issued_amount`, `issued_date`, `claim_status`) VALUES ('170', '98ec1be5-f3c8-38c4-8bfc-cf6932979450', '71094', '2017-03-26', 'notcompleted');
INSERT INTO `claim` (`claim_no`, `transaction_id`, `issued_amount`, `issued_date`, `claim_status`) VALUES ('171', '7e7687bd-b42d-3100-aa53-7bf41ca84e2d', '64735', '2022-12-17', 'completed');
INSERT INTO `claim` (`claim_no`, `transaction_id`, `issued_amount`, `issued_date`, `claim_status`) VALUES ('176', '62ff677c-52c4-3c34-9db7-182e181ff43a', '52781', '2021-10-07', 'completed');
INSERT INTO `claim` (`claim_no`, `transaction_id`, `issued_amount`, `issued_date`, `claim_status`) VALUES ('185', '178ecb96-be8d-3e3e-a8b0-7baea96d5add', '63640', '1982-09-23', 'notcompleted');
INSERT INTO `claim` (`claim_no`, `transaction_id`, `issued_amount`, `issued_date`, `claim_status`) VALUES ('194', 'f0449292-0cb9-308f-8281-b40c3ecdcebd', '79335', '1996-06-21', 'completed');
INSERT INTO `claim` (`claim_no`, `transaction_id`, `issued_amount`, `issued_date`, `claim_status`) VALUES ('198', '40b2421e-3666-3023-a67d-05fec6088150', '66394', '1972-08-04', 'notcompleted');
INSERT INTO `claim` (`claim_no`, `transaction_id`, `issued_amount`, `issued_date`, `claim_status`) VALUES ('200', '615de7b2-1f03-337b-b48a-568c999e1662', '89025', '1981-04-19', 'completed');
INSERT INTO `claim` (`claim_no`, `transaction_id`, `issued_amount`, `issued_date`, `claim_status`) VALUES ('210', '8b439c80-a705-3800-8b3d-11738439388c', '50260', '2004-02-27', 'notcompleted');
INSERT INTO `claim` (`claim_no`, `transaction_id`, `issued_amount`, `issued_date`, `claim_status`) VALUES ('211', '50cc20e3-4dda-3873-a950-0c71b049d51c', '75634', '1975-06-15', 'completed');
INSERT INTO `claim` (`claim_no`, `transaction_id`, `issued_amount`, `issued_date`, `claim_status`) VALUES ('217', '9ce5f24d-d635-362d-aa35-3039e5015bf6', '72393', '1991-06-18', 'notcompleted');
INSERT INTO `claim` (`claim_no`, `transaction_id`, `issued_amount`, `issued_date`, `claim_status`) VALUES ('220', '97dd306a-4a26-36a5-aa3d-66283d485ea8', '58197', '2009-01-08', 'completed');
INSERT INTO `claim` (`claim_no`, `transaction_id`, `issued_amount`, `issued_date`, `claim_status`) VALUES ('225', '78e865cf-0385-3895-b8e7-535c6dd1ef04', '89487', '1980-07-07', 'notcompleted');
INSERT INTO `claim` (`claim_no`, `transaction_id`, `issued_amount`, `issued_date`, `claim_status`) VALUES ('231', 'c635c0e1-f3b3-334c-afba-b13c3536a8b9', '89367', '1986-01-19', 'completed');
INSERT INTO `claim` (`claim_no`, `transaction_id`, `issued_amount`, `issued_date`, `claim_status`) VALUES ('232', 'a688d38c-eeea-3f60-a654-716fcf4884e1', '74681', '1998-05-15', 'notcompleted');
INSERT INTO `claim` (`claim_no`, `transaction_id`, `issued_amount`, `issued_date`, `claim_status`) VALUES ('241', '9b16489f-2d64-3196-85c6-667a66378349', '70885', '1998-10-11', 'completed');
INSERT INTO `claim` (`claim_no`, `transaction_id`, `issued_amount`, `issued_date`, `claim_status`) VALUES ('243', 'ad6e3f88-a854-3f32-b56f-6aaeedfbf400', '76513', '1976-11-20', 'notcompleted');
INSERT INTO `claim` (`claim_no`, `transaction_id`, `issued_amount`, `issued_date`, `claim_status`) VALUES ('248', '04fc7f16-670b-3c4b-baf2-7b429cb61dea', '62999', '2019-09-29', 'notcompleted');
INSERT INTO `claim` (`claim_no`, `transaction_id`, `issued_amount`, `issued_date`, `claim_status`) VALUES ('251', '6a3e5246-25d3-3309-bddc-12ef8197f80f', '55667', '2021-06-17', 'completed');
INSERT INTO `claim` (`claim_no`, `transaction_id`, `issued_amount`, `issued_date`, `claim_status`) VALUES ('256', 'ae9c497c-578c-3b88-a031-1a24406641a5', '65487', '1974-04-14', 'notcompleted');
INSERT INTO `claim` (`claim_no`, `transaction_id`, `issued_amount`, `issued_date`, `claim_status`) VALUES ('268', 'd2736a48-37fe-3fc9-a3cb-8e318c1256f5', '51277', '2022-12-16', 'completed');
INSERT INTO `claim` (`claim_no`, `transaction_id`, `issued_amount`, `issued_date`, `claim_status`) VALUES ('272', '0a8e44a1-f391-35e2-955b-3ef4b1a9682e', '89013', '2007-05-16', 'completed');
INSERT INTO `claim` (`claim_no`, `transaction_id`, `issued_amount`, `issued_date`, `claim_status`) VALUES ('291', 'f672b383-c6e2-31c9-88f9-70b22371b49d', '76662', '2009-01-21', 'notcompleted');
INSERT INTO `claim` (`claim_no`, `transaction_id`, `issued_amount`, `issued_date`, `claim_status`) VALUES ('294', '2be8cb67-25bf-3daf-8789-593873766e51', '63551', '1980-09-26', 'notcompleted');
INSERT INTO `claim` (`claim_no`, `transaction_id`, `issued_amount`, `issued_date`, `claim_status`) VALUES ('304', '3f1df50e-2c9a-3663-83bd-0d9299efb85f', '88819', '1979-05-09', 'notcompleted');
INSERT INTO `claim` (`claim_no`, `transaction_id`, `issued_amount`, `issued_date`, `claim_status`) VALUES ('306', 'f7daaf87-d692-3d67-bc62-8994b1adc879', '60559', '1970-09-08', 'notcompleted');
INSERT INTO `claim` (`claim_no`, `transaction_id`, `issued_amount`, `issued_date`, `claim_status`) VALUES ('310', 'c7597120-c0be-3953-a466-c497642bbe93', '52302', '1992-04-18', 'notcompleted');
INSERT INTO `claim` (`claim_no`, `transaction_id`, `issued_amount`, `issued_date`, `claim_status`) VALUES ('314', 'c5087ce3-f883-3c3e-800b-204ef8ed13e4', '62194', '2014-06-25', 'completed');
INSERT INTO `claim` (`claim_no`, `transaction_id`, `issued_amount`, `issued_date`, `claim_status`) VALUES ('318', 'f1771bd3-1c74-33d4-8b32-de39e15461eb', '51093', '2004-06-28', 'notcompleted');
INSERT INTO `claim` (`claim_no`, `transaction_id`, `issued_amount`, `issued_date`, `claim_status`) VALUES ('322', '0ed36d5d-7ad7-322b-aeda-8f82ded489e1', '55729', '1977-03-09', 'completed');
INSERT INTO `claim` (`claim_no`, `transaction_id`, `issued_amount`, `issued_date`, `claim_status`) VALUES ('325', 'dc674ae8-bfc1-34d0-8f28-4cf2837c10a5', '73138', '2017-11-30', 'notcompleted');
INSERT INTO `claim` (`claim_no`, `transaction_id`, `issued_amount`, `issued_date`, `claim_status`) VALUES ('329', '3a035be4-770c-3a22-8d40-40a5016eb6b0', '81199', '1985-10-01', 'notcompleted');
INSERT INTO `claim` (`claim_no`, `transaction_id`, `issued_amount`, `issued_date`, `claim_status`) VALUES ('330', 'dbdad0d5-e301-36d0-94ea-be161a87c626', '51558', '2005-12-24', 'completed');
INSERT INTO `claim` (`claim_no`, `transaction_id`, `issued_amount`, `issued_date`, `claim_status`) VALUES ('331', 'c531e780-49d1-31b0-a540-c304f1c7c172', '88879', '1999-08-28', 'completed');
INSERT INTO `claim` (`claim_no`, `transaction_id`, `issued_amount`, `issued_date`, `claim_status`) VALUES ('337', 'f5f29033-9e72-3f94-93d3-a2eeb120ea17', '57094', '1992-04-30', 'completed');
INSERT INTO `claim` (`claim_no`, `transaction_id`, `issued_amount`, `issued_date`, `claim_status`) VALUES ('338', '0a42d32e-fc7d-3dde-9383-38b50ee01d79', '69506', '1995-04-13', 'notcompleted');
INSERT INTO `claim` (`claim_no`, `transaction_id`, `issued_amount`, `issued_date`, `claim_status`) VALUES ('343', 'd218c251-9575-3463-99ff-551965c2d166', '81465', '1994-11-01', 'completed');
INSERT INTO `claim` (`claim_no`, `transaction_id`, `issued_amount`, `issued_date`, `claim_status`) VALUES ('344', '02215089-9811-331b-b958-118750774fac', '56061', '2014-01-29', 'notcompleted');
INSERT INTO `claim` (`claim_no`, `transaction_id`, `issued_amount`, `issued_date`, `claim_status`) VALUES ('354', '63b2ce92-16a2-333f-949e-3b65eb9f0700', '67994', '2021-03-26', 'completed');
INSERT INTO `claim` (`claim_no`, `transaction_id`, `issued_amount`, `issued_date`, `claim_status`) VALUES ('358', 'f7f0db89-efb5-3eb7-b7d6-720941806904', '56653', '1986-04-22', 'notcompleted');
INSERT INTO `claim` (`claim_no`, `transaction_id`, `issued_amount`, `issued_date`, `claim_status`) VALUES ('364', '966d563b-5ca7-3eb5-aac0-44c149951335', '68946', '1979-12-31', 'notcompleted');
INSERT INTO `claim` (`claim_no`, `transaction_id`, `issued_amount`, `issued_date`, `claim_status`) VALUES ('384', '91032efd-8182-3eaa-9942-5cd83adb52ab', '53233', '1999-03-11', 'notcompleted');
INSERT INTO `claim` (`claim_no`, `transaction_id`, `issued_amount`, `issued_date`, `claim_status`) VALUES ('385', 'f363f5ca-16b2-3010-8cbc-3407f481fd75', '82717', '1976-01-12', 'notcompleted');
INSERT INTO `claim` (`claim_no`, `transaction_id`, `issued_amount`, `issued_date`, `claim_status`) VALUES ('393', '3cd46971-fd5b-3f1d-8b24-0d2786270e32', '55269', '2000-10-29', 'notcompleted');
INSERT INTO `claim` (`claim_no`, `transaction_id`, `issued_amount`, `issued_date`, `claim_status`) VALUES ('399', '8047daf8-ffc6-34d8-bc53-8658e6031168', '65454', '1989-01-13', 'notcompleted');
INSERT INTO `claim` (`claim_no`, `transaction_id`, `issued_amount`, `issued_date`, `claim_status`) VALUES ('411', 'c4f08e4f-d4e7-3ecc-82ca-2be44ce55b72', '77561', '2005-10-05', 'completed');
INSERT INTO `claim` (`claim_no`, `transaction_id`, `issued_amount`, `issued_date`, `claim_status`) VALUES ('412', '90b4f530-8b75-3573-b487-8781532f188e', '74743', '1985-09-05', 'notcompleted');
INSERT INTO `claim` (`claim_no`, `transaction_id`, `issued_amount`, `issued_date`, `claim_status`) VALUES ('417', '64dc5e3f-964c-36bf-85e3-758cc5ae1e34', '59454', '1984-03-12', 'completed');
INSERT INTO `claim` (`claim_no`, `transaction_id`, `issued_amount`, `issued_date`, `claim_status`) VALUES ('429', 'ba0aa514-b382-3be6-8644-ac948e724739', '80039', '2018-04-29', 'completed');
INSERT INTO `claim` (`claim_no`, `transaction_id`, `issued_amount`, `issued_date`, `claim_status`) VALUES ('433', '9c1d04c2-5926-32ce-bc14-6891645e92c3', '72376', '2005-08-23', 'notcompleted');
INSERT INTO `claim` (`claim_no`, `transaction_id`, `issued_amount`, `issued_date`, `claim_status`) VALUES ('439', '05642a8b-97f4-3ff8-b114-d6ae6c0c325b', '51605', '2006-05-05', 'completed');
INSERT INTO `claim` (`claim_no`, `transaction_id`, `issued_amount`, `issued_date`, `claim_status`) VALUES ('446', 'd7a54f84-fd1e-37f1-87a1-f772ba351fe7', '86891', '1978-04-06', 'completed');
INSERT INTO `claim` (`claim_no`, `transaction_id`, `issued_amount`, `issued_date`, `claim_status`) VALUES ('460', 'dacc6bb1-a770-3c61-985e-5567202605e6', '74149', '1996-05-06', 'completed');
INSERT INTO `claim` (`claim_no`, `transaction_id`, `issued_amount`, `issued_date`, `claim_status`) VALUES ('467', 'f8c89422-9a36-3e29-a91f-c2023a801aff', '74672', '1997-09-25', 'notcompleted');
INSERT INTO `claim` (`claim_no`, `transaction_id`, `issued_amount`, `issued_date`, `claim_status`) VALUES ('468', '54be2031-8696-3cb2-8e12-3bc60a7ed5cf', '62296', '1981-07-22', 'notcompleted');
INSERT INTO `claim` (`claim_no`, `transaction_id`, `issued_amount`, `issued_date`, `claim_status`) VALUES ('469', 'bf9b0c5a-f25f-3eb8-b766-cd58646fc052', '78374', '2021-07-21', 'notcompleted');
INSERT INTO `claim` (`claim_no`, `transaction_id`, `issued_amount`, `issued_date`, `claim_status`) VALUES ('471', '985811fd-b69d-3b57-931e-d8da572d0ef1', '87684', '1991-11-06', 'notcompleted');
INSERT INTO `claim` (`claim_no`, `transaction_id`, `issued_amount`, `issued_date`, `claim_status`) VALUES ('476', 'aecceb87-72fc-3849-be12-07f6601f4ad2', '68796', '2000-09-09', 'completed');
INSERT INTO `claim` (`claim_no`, `transaction_id`, `issued_amount`, `issued_date`, `claim_status`) VALUES ('490', 'fd7afc3f-6a80-3c9d-a8d6-64d12a86ab06', '57660', '1991-12-23', 'notcompleted');
INSERT INTO `claim` (`claim_no`, `transaction_id`, `issued_amount`, `issued_date`, `claim_status`) VALUES ('494', '2c9b0124-fd37-38a4-a772-1891e9b34c81', '77437', '1981-11-17', 'notcompleted');
INSERT INTO `claim` (`claim_no`, `transaction_id`, `issued_amount`, `issued_date`, `claim_status`) VALUES ('495', 'bf887b6a-4ca4-3dc6-b406-372319e2f5bc', '78716', '1999-05-10', 'completed');
INSERT INTO `claim` (`claim_no`, `transaction_id`, `issued_amount`, `issued_date`, `claim_status`) VALUES ('504', 'c1a575cf-5f21-390b-9356-76b71563405f', '76929', '1992-06-14', 'completed');
INSERT INTO `claim` (`claim_no`, `transaction_id`, `issued_amount`, `issued_date`, `claim_status`) VALUES ('507', 'e8685e7f-027e-3701-88b0-77aa571745cd', '78919', '1988-11-28', 'completed');
INSERT INTO `claim` (`claim_no`, `transaction_id`, `issued_amount`, `issued_date`, `claim_status`) VALUES ('511', 'dca1b62f-58a1-39a1-bc4a-4509ede055d8', '64101', '2022-03-26', 'notcompleted');
INSERT INTO `claim` (`claim_no`, `transaction_id`, `issued_amount`, `issued_date`, `claim_status`) VALUES ('531', '915deebd-06a5-3f07-8d0f-2755d30c4360', '73164', '2013-03-05', 'notcompleted');
INSERT INTO `claim` (`claim_no`, `transaction_id`, `issued_amount`, `issued_date`, `claim_status`) VALUES ('539', '1dc17b03-8451-3ea8-90fc-69af47842470', '70634', '2020-10-06', 'notcompleted');
INSERT INTO `claim` (`claim_no`, `transaction_id`, `issued_amount`, `issued_date`, `claim_status`) VALUES ('540', '9c4bdc08-fdc1-3869-acc7-034549e66b4a', '59582', '1977-08-14', 'completed');
INSERT INTO `claim` (`claim_no`, `transaction_id`, `issued_amount`, `issued_date`, `claim_status`) VALUES ('546', '32ecc3de-826e-3207-880d-3a33b7b4aa9f', '68987', '2018-08-13', 'notcompleted');
INSERT INTO `claim` (`claim_no`, `transaction_id`, `issued_amount`, `issued_date`, `claim_status`) VALUES ('551', '9cbc7439-3b42-3566-bb4b-70456fbef637', '76867', '1992-04-29', 'notcompleted');
INSERT INTO `claim` (`claim_no`, `transaction_id`, `issued_amount`, `issued_date`, `claim_status`) VALUES ('557', '9216f366-738d-3002-922d-0f4fdf196fe6', '67618', '1973-06-01', 'completed');
INSERT INTO `claim` (`claim_no`, `transaction_id`, `issued_amount`, `issued_date`, `claim_status`) VALUES ('558', 'f2e450cc-aa25-3056-8940-cc8f6ffb1e22', '68186', '2004-12-29', 'notcompleted');
INSERT INTO `claim` (`claim_no`, `transaction_id`, `issued_amount`, `issued_date`, `claim_status`) VALUES ('559', 'c80a39c3-76cf-3401-bbe1-4d1a1280c702', '56621', '2014-08-21', 'completed');
INSERT INTO `claim` (`claim_no`, `transaction_id`, `issued_amount`, `issued_date`, `claim_status`) VALUES ('567', 'b9de5507-fe0b-35b1-a353-b5c0e571ffd9', '63903', '2014-12-26', 'notcompleted');
INSERT INTO `claim` (`claim_no`, `transaction_id`, `issued_amount`, `issued_date`, `claim_status`) VALUES ('569', 'cb5c1d97-6b49-37e1-83e4-ff58b44c0b45', '81375', '1985-08-08', 'completed');
INSERT INTO `claim` (`claim_no`, `transaction_id`, `issued_amount`, `issued_date`, `claim_status`) VALUES ('577', '82d3f1d0-c302-39d0-8b0a-714d97e638db', '72186', '2012-11-20', 'notcompleted');
INSERT INTO `claim` (`claim_no`, `transaction_id`, `issued_amount`, `issued_date`, `claim_status`) VALUES ('580', '6b823fc3-3cff-34e2-8c0a-6c2f30103567', '76795', '1988-02-05', 'completed');
INSERT INTO `claim` (`claim_no`, `transaction_id`, `issued_amount`, `issued_date`, `claim_status`) VALUES ('591', 'ce262240-e1b6-3cbf-a5c7-5bc1c27b1e10', '61645', '2004-02-22', 'notcompleted');
INSERT INTO `claim` (`claim_no`, `transaction_id`, `issued_amount`, `issued_date`, `claim_status`) VALUES ('597', 'c7fdbdfb-0a96-37e2-a280-bad280090ab3', '63089', '1998-10-28', 'completed');
INSERT INTO `claim` (`claim_no`, `transaction_id`, `issued_amount`, `issued_date`, `claim_status`) VALUES ('607', '64e32562-0690-3ade-b9a5-30f0a80b86bd', '85537', '2011-04-06', 'notcompleted');
INSERT INTO `claim` (`claim_no`, `transaction_id`, `issued_amount`, `issued_date`, `claim_status`) VALUES ('610', 'fe4e9937-1e0e-3313-abab-d6147b4a8226', '68801', '2019-06-24', 'completed');
INSERT INTO `claim` (`claim_no`, `transaction_id`, `issued_amount`, `issued_date`, `claim_status`) VALUES ('616', 'aed151a5-a994-3054-a3e8-e7e7da329d0d', '65407', '2002-01-30', 'notcompleted');
INSERT INTO `claim` (`claim_no`, `transaction_id`, `issued_amount`, `issued_date`, `claim_status`) VALUES ('619', 'e366931c-810b-310d-ba0c-8fa9f5c3c494', '65825', '1997-01-20', 'completed');
INSERT INTO `claim` (`claim_no`, `transaction_id`, `issued_amount`, `issued_date`, `claim_status`) VALUES ('628', '584cee5d-588a-3beb-b275-c22290449750', '69426', '2023-02-23', 'completed');
INSERT INTO `claim` (`claim_no`, `transaction_id`, `issued_amount`, `issued_date`, `claim_status`) VALUES ('633', '4c6e89f9-6e26-3470-8941-d20e8685adb6', '73341', '1975-12-11', 'notcompleted');
INSERT INTO `claim` (`claim_no`, `transaction_id`, `issued_amount`, `issued_date`, `claim_status`) VALUES ('634', 'e56901dd-d72c-35c1-9e07-c97477d61c22', '53877', '1988-05-23', 'notcompleted');
INSERT INTO `claim` (`claim_no`, `transaction_id`, `issued_amount`, `issued_date`, `claim_status`) VALUES ('643', '6c1ab3b6-4582-39ef-936a-816c633a82ba', '70442', '1990-02-26', 'notcompleted');
INSERT INTO `claim` (`claim_no`, `transaction_id`, `issued_amount`, `issued_date`, `claim_status`) VALUES ('645', '28734f79-745d-3c54-8607-ef19e8a235f8', '60826', '2007-03-05', 'completed');
INSERT INTO `claim` (`claim_no`, `transaction_id`, `issued_amount`, `issued_date`, `claim_status`) VALUES ('650', 'c31e9dc0-9b13-373f-a62e-0f0f3a9405b3', '61209', '1986-06-22', 'notcompleted');
INSERT INTO `claim` (`claim_no`, `transaction_id`, `issued_amount`, `issued_date`, `claim_status`) VALUES ('667', '9509cade-02e6-3090-b952-f902d343cb42', '51817', '1984-05-27', 'notcompleted');
INSERT INTO `claim` (`claim_no`, `transaction_id`, `issued_amount`, `issued_date`, `claim_status`) VALUES ('675', 'e404350b-f02b-32f8-a3bb-7714e27011d6', '81904', '1996-06-04', 'completed');
INSERT INTO `claim` (`claim_no`, `transaction_id`, `issued_amount`, `issued_date`, `claim_status`) VALUES ('682', '1a39274c-eec0-3ebc-9911-84720a5602db', '61444', '1995-09-02', 'notcompleted');
INSERT INTO `claim` (`claim_no`, `transaction_id`, `issued_amount`, `issued_date`, `claim_status`) VALUES ('683', '645274e3-ae3e-35a9-8a71-5d9856e9739b', '75195', '1970-09-10', 'completed');
INSERT INTO `claim` (`claim_no`, `transaction_id`, `issued_amount`, `issued_date`, `claim_status`) VALUES ('689', '8a068fc9-f1d4-3605-b972-8257c8704176', '64305', '2003-05-17', 'completed');
INSERT INTO `claim` (`claim_no`, `transaction_id`, `issued_amount`, `issued_date`, `claim_status`) VALUES ('691', 'b687357f-9afd-3113-8e99-805ce89aad77', '52230', '2011-10-29', 'notcompleted');
INSERT INTO `claim` (`claim_no`, `transaction_id`, `issued_amount`, `issued_date`, `claim_status`) VALUES ('695', '88875dcd-6818-3554-89a7-a7663ef934a7', '85752', '2013-05-30', 'notcompleted');
INSERT INTO `claim` (`claim_no`, `transaction_id`, `issued_amount`, `issued_date`, `claim_status`) VALUES ('708', '79f52157-2141-3fd3-909c-26b6633ce92e', '87959', '1982-02-08', 'notcompleted');
INSERT INTO `claim` (`claim_no`, `transaction_id`, `issued_amount`, `issued_date`, `claim_status`) VALUES ('709', '72641673-6193-3e4b-86f6-a71d3a1ff143', '83820', '1988-09-19', 'notcompleted');
INSERT INTO `claim` (`claim_no`, `transaction_id`, `issued_amount`, `issued_date`, `claim_status`) VALUES ('713', '98f1494b-cb30-34a4-939a-7899c5132674', '80824', '2023-07-17', 'notcompleted');


#
# TABLE STRUCTURE FOR: claim_inspector
#


INSERT INTO `claim_inspector` (`inspector_id`, `claim_no`, `report_id`, `garage_name`, `inspector_name`, `inspector_contact_info`) VALUES ('172', '200', '137', 'beatae', 'Bo Jacobi II', '1-788-014-4703');
INSERT INTO `claim_inspector` (`inspector_id`, `claim_no`, `report_id`, `garage_name`, `inspector_name`, `inspector_contact_info`) VALUES ('174', '329', '243', 'explicabo', 'Meghan Hansen', '08545858681');
INSERT INTO `claim_inspector` (`inspector_id`, `claim_no`, `report_id`, `garage_name`, `inspector_name`, `inspector_contact_info`) VALUES ('176', '220', '155', 'cum', 'Norbert Sipes', '(601)263-1052x74963');
INSERT INTO `claim_inspector` (`inspector_id`, `claim_no`, `report_id`, `garage_name`, `inspector_name`, `inspector_contact_info`) VALUES ('181', '343', '261', 'illo', 'Katelyn Connelly', '002-586-9253');
INSERT INTO `claim_inspector` (`inspector_id`, `claim_no`, `report_id`, `garage_name`, `inspector_name`, `inspector_contact_info`) VALUES ('192', '232', '171', 'distinctio', 'Marguerite Cummings', '1-178-622-4458');
INSERT INTO `claim_inspector` (`inspector_id`, `claim_no`, `report_id`, `garage_name`, `inspector_name`, `inspector_contact_info`) VALUES ('201', '322', '229', 'eveniet', 'Aleen Klein DVM', '451.285.7564');
INSERT INTO `claim_inspector` (`inspector_id`, `claim_no`, `report_id`, `garage_name`, `inspector_name`, `inspector_contact_info`) VALUES ('202', '358', '274', 'incidunt', 'Mrs. Deja Jacobs', '+25(3)9451561923');
INSERT INTO `claim_inspector` (`inspector_id`, `claim_no`, `report_id`, `garage_name`, `inspector_name`, `inspector_contact_info`) VALUES ('220', '495', '374', 'optio', 'Kristian O\'Conner', '09550819631');
INSERT INTO `claim_inspector` (`inspector_id`, `claim_no`, `report_id`, `garage_name`, `inspector_name`, `inspector_contact_info`) VALUES ('248', '314', '222', 'et', 'Reva Medhurst', '066.865.7541');
INSERT INTO `claim_inspector` (`inspector_id`, `claim_no`, `report_id`, `garage_name`, `inspector_name`, `inspector_contact_info`) VALUES ('249', '597', '433', 'repellendus', 'Miss Audreanne Hegmann DVM', '1-683-532-8078x88744');
INSERT INTO `claim_inspector` (`inspector_id`, `claim_no`, `report_id`, `garage_name`, `inspector_name`, `inspector_contact_info`) VALUES ('257', '540', '393', 'provident', 'Thalia Wilkinson', '1-168-458-3082x7252');
INSERT INTO `claim_inspector` (`inspector_id`, `claim_no`, `report_id`, `garage_name`, `inspector_name`, `inspector_contact_info`) VALUES ('259', '211', '145', 'consequatur', 'Prof. Jayme Schmeler Sr.', '(861)643-9914');
INSERT INTO `claim_inspector` (`inspector_id`, `claim_no`, `report_id`, `garage_name`, `inspector_name`, `inspector_contact_info`) VALUES ('269', '610', '442', 'saepe', 'Juston Wunsch', '09099308732');
INSERT INTO `claim_inspector` (`inspector_id`, `claim_no`, `report_id`, `garage_name`, `inspector_name`, `inspector_contact_info`) VALUES ('293', '531', '384', 'possimus', 'Emmanuelle Koelpin', '+43(6)1855262154');
INSERT INTO `claim_inspector` (`inspector_id`, `claim_no`, `report_id`, `garage_name`, `inspector_name`, `inspector_contact_info`) VALUES ('299', '709', '497', 'voluptatem', 'Virginia Daniel', '527.244.8252x050');
INSERT INTO `claim_inspector` (`inspector_id`, `claim_no`, `report_id`, `garage_name`, `inspector_name`, `inspector_contact_info`) VALUES ('300', '551', '404', 'quaerat', 'Mrs. Elza Hermiston III', '1-562-745-3945');
INSERT INTO `claim_inspector` (`inspector_id`, `claim_no`, `report_id`, `garage_name`, `inspector_name`, `inspector_contact_info`) VALUES ('302', '468', '332', 'nihil', 'Mr. Darius Schumm', '691.396.1707');
INSERT INTO `claim_inspector` (`inspector_id`, `claim_no`, `report_id`, `garage_name`, `inspector_name`, `inspector_contact_info`) VALUES ('307', '272', '203', 'ea', 'Mr. Travon Lebsack V', '(033)555-4935');
INSERT INTO `claim_inspector` (`inspector_id`, `claim_no`, `report_id`, `garage_name`, `inspector_name`, `inspector_contact_info`) VALUES ('309', '591', '430', 'reiciendis', 'Devyn Harber', '537-219-9466');
INSERT INTO `claim_inspector` (`inspector_id`, `claim_no`, `report_id`, `garage_name`, `inspector_name`, `inspector_contact_info`) VALUES ('314', '294', '207', 'earum', 'Prof. Retta Emard II', '401.264.7500');
INSERT INTO `claim_inspector` (`inspector_id`, `claim_no`, `report_id`, `garage_name`, `inspector_name`, `inspector_contact_info`) VALUES ('319', '304', '210', 'eligendi', 'Christa Doyle', '(942)357-6417x1191');
INSERT INTO `claim_inspector` (`inspector_id`, `claim_no`, `report_id`, `garage_name`, `inspector_name`, `inspector_contact_info`) VALUES ('320', '619', '451', 'sed', 'Ed Grimes', '753-490-1254x66234');
INSERT INTO `claim_inspector` (`inspector_id`, `claim_no`, `report_id`, `garage_name`, `inspector_name`, `inspector_contact_info`) VALUES ('331', '446', '306', 'natus', 'Johan Runolfsson', '776-020-1056');
INSERT INTO `claim_inspector` (`inspector_id`, `claim_no`, `report_id`, `garage_name`, `inspector_name`, `inspector_contact_info`) VALUES ('342', '256', '186', 'dolores', 'Anais Kemmer', '441-861-5539x482');
INSERT INTO `claim_inspector` (`inspector_id`, `claim_no`, `report_id`, `garage_name`, `inspector_name`, `inspector_contact_info`) VALUES ('365', '243', '178', 'dolore', 'Prof. Mortimer Brakus', '00803274972');
INSERT INTO `claim_inspector` (`inspector_id`, `claim_no`, `report_id`, `garage_name`, `inspector_name`, `inspector_contact_info`) VALUES ('368', '643', '469', 'soluta', 'Frieda Graham', '02243378170');
INSERT INTO `claim_inspector` (`inspector_id`, `claim_no`, `report_id`, `garage_name`, `inspector_name`, `inspector_contact_info`) VALUES ('370', '385', '284', 'laboriosam', 'Dr. Juliana Koss', '1-155-190-8031x52683');
INSERT INTO `claim_inspector` (`inspector_id`, `claim_no`, `report_id`, `garage_name`, `inspector_name`, `inspector_contact_info`) VALUES ('372', '330', '245', 'fuga', 'Vilma Kiehn', '133-184-1840');
INSERT INTO `claim_inspector` (`inspector_id`, `claim_no`, `report_id`, `garage_name`, `inspector_name`, `inspector_contact_info`) VALUES ('385', '467', '313', 'nesciunt', 'Jerrell Nader', '172-946-3070');
INSERT INTO `claim_inspector` (`inspector_id`, `claim_no`, `report_id`, `garage_name`, `inspector_name`, `inspector_contact_info`) VALUES ('393', '364', '279', 'inventore', 'Prof. Ismael Mraz', '1-141-867-3471');
INSERT INTO `claim_inspector` (`inspector_id`, `claim_no`, `report_id`, `garage_name`, `inspector_name`, `inspector_contact_info`) VALUES ('398', '310', '214', 'est', 'Enola Kreiger', '1-938-319-4043x4762');
INSERT INTO `claim_inspector` (`inspector_id`, `claim_no`, `report_id`, `garage_name`, `inspector_name`, `inspector_contact_info`) VALUES ('399', '248', '179', 'dolorem', 'Miss Willa Vandervort', '(049)511-9767x6452');
INSERT INTO `claim_inspector` (`inspector_id`, `claim_no`, `report_id`, `garage_name`, `inspector_name`, `inspector_contact_info`) VALUES ('412', '546', '396', 'quae', 'Kallie Murazik', '(407)104-0599x60706');
INSERT INTO `claim_inspector` (`inspector_id`, `claim_no`, `report_id`, `garage_name`, `inspector_name`, `inspector_contact_info`) VALUES ('425', '580', '429', 'ratione', 'Keara Hilpert II', '420-431-3812x96076');
INSERT INTO `claim_inspector` (`inspector_id`, `claim_no`, `report_id`, `garage_name`, `inspector_name`, `inspector_contact_info`) VALUES ('429', '689', '491', 'vel', 'Twila Reichert', '(330)475-8978x256');
INSERT INTO `claim_inspector` (`inspector_id`, `claim_no`, `report_id`, `garage_name`, `inspector_name`, `inspector_contact_info`) VALUES ('447', '170', '117', 'animi', 'Florida Cassin', '(420)199-6589x02084');
INSERT INTO `claim_inspector` (`inspector_id`, `claim_no`, `report_id`, `garage_name`, `inspector_name`, `inspector_contact_info`) VALUES ('450', '210', '139', 'commodi', 'Darlene Wiza', '(476)856-0582');
INSERT INTO `claim_inspector` (`inspector_id`, `claim_no`, `report_id`, `garage_name`, `inspector_name`, `inspector_contact_info`) VALUES ('463', '291', '206', 'eaque', 'Miss Phoebe Schmidt DDS', '317-979-0019');
INSERT INTO `claim_inspector` (`inspector_id`, `claim_no`, `report_id`, `garage_name`, `inspector_name`, `inspector_contact_info`) VALUES ('487', '338', '252', 'id', 'Dr. Maxine Runolfsdottir', '074.415.1862x985');
INSERT INTO `claim_inspector` (`inspector_id`, `claim_no`, `report_id`, `garage_name`, `inspector_name`, `inspector_contact_info`) VALUES ('496', '469', '342', 'nobis', 'Teresa Lang Sr.', '1-113-515-4752x03055');
INSERT INTO `claim_inspector` (`inspector_id`, `claim_no`, `report_id`, `garage_name`, `inspector_name`, `inspector_contact_info`) VALUES ('506', '504', '376', 'pariatur', 'Mr. Jayme Rowe IV', '1-391-066-3895');
INSERT INTO `claim_inspector` (`inspector_id`, `claim_no`, `report_id`, `garage_name`, `inspector_name`, `inspector_contact_info`) VALUES ('507', '337', '251', 'harum', 'Richard Hirthe', '(251)947-2522x16428');
INSERT INTO `claim_inspector` (`inspector_id`, `claim_no`, `report_id`, `garage_name`, `inspector_name`, `inspector_contact_info`) VALUES ('525', '557', '406', 'quasi', 'Kathlyn Leannon V', '(206)990-7032');
INSERT INTO `claim_inspector` (`inspector_id`, `claim_no`, `report_id`, `garage_name`, `inspector_name`, `inspector_contact_info`) VALUES ('526', '411', '289', 'libero', 'Aiyana Walsh', '01482115866');
INSERT INTO `claim_inspector` (`inspector_id`, `claim_no`, `report_id`, `garage_name`, `inspector_name`, `inspector_contact_info`) VALUES ('527', '713', '498', 'voluptatum', 'Horace Kiehn', '318.109.6814x858');
INSERT INTO `claim_inspector` (`inspector_id`, `claim_no`, `report_id`, `garage_name`, `inspector_name`, `inspector_contact_info`) VALUES ('529', '158', '114', 'alias', 'Jeramy Davis', '(218)804-5800x50719');
INSERT INTO `claim_inspector` (`inspector_id`, `claim_no`, `report_id`, `garage_name`, `inspector_name`, `inspector_contact_info`) VALUES ('536', '171', '120', 'aspernatur', 'Hassan Towne', '532.642.3712');
INSERT INTO `claim_inspector` (`inspector_id`, `claim_no`, `report_id`, `garage_name`, `inspector_name`, `inspector_contact_info`) VALUES ('540', '708', '494', 'voluptas', 'Carmela Mraz', '332.042.4045');
INSERT INTO `claim_inspector` (`inspector_id`, `claim_no`, `report_id`, `garage_name`, `inspector_name`, `inspector_contact_info`) VALUES ('566', '490', '363', 'officiis', 'Abelardo Torphy V', '650-134-1043x42201');
INSERT INTO `claim_inspector` (`inspector_id`, `claim_no`, `report_id`, `garage_name`, `inspector_name`, `inspector_contact_info`) VALUES ('570', '241', '172', 'dolor', 'Doris Reilly III', '+27(0)8339238015');
INSERT INTO `claim_inspector` (`inspector_id`, `claim_no`, `report_id`, `garage_name`, `inspector_name`, `inspector_contact_info`) VALUES ('584', '331', '249', 'fugiat', 'Alana Waelchi', '1-485-520-8438');
INSERT INTO `claim_inspector` (`inspector_id`, `claim_no`, `report_id`, `garage_name`, `inspector_name`, `inspector_contact_info`) VALUES ('592', '476', '358', 'officia', 'Mr. Edgar Kutch DDS', '298.551.0812');
INSERT INTO `claim_inspector` (`inspector_id`, `claim_no`, `report_id`, `garage_name`, `inspector_name`, `inspector_contact_info`) VALUES ('593', '682', '486', 'ullam', 'Nicholas Schneider IV', '298-463-6456x2682');
INSERT INTO `claim_inspector` (`inspector_id`, `claim_no`, `report_id`, `garage_name`, `inspector_name`, `inspector_contact_info`) VALUES ('597', '645', '475', 'suscipit', 'Dashawn Effertz', '555.047.3828x964');
INSERT INTO `claim_inspector` (`inspector_id`, `claim_no`, `report_id`, `garage_name`, `inspector_name`, `inspector_contact_info`) VALUES ('614', '194', '134', 'aut', 'Anika Rau', '785-132-2487x46956');
INSERT INTO `claim_inspector` (`inspector_id`, `claim_no`, `report_id`, `garage_name`, `inspector_name`, `inspector_contact_info`) VALUES ('618', '634', '464', 'sit', 'Casper Kilback', '783.451.1894x5740');
INSERT INTO `claim_inspector` (`inspector_id`, `claim_no`, `report_id`, `garage_name`, `inspector_name`, `inspector_contact_info`) VALUES ('628', '176', '131', 'assumenda', 'Kim Bode', '1-407-727-1362x09203');
INSERT INTO `claim_inspector` (`inspector_id`, `claim_no`, `report_id`, `garage_name`, `inspector_name`, `inspector_contact_info`) VALUES ('640', '384', '283', 'ipsum', 'Miss Elvera Swaniawski', '209.775.2260');
INSERT INTO `claim_inspector` (`inspector_id`, `claim_no`, `report_id`, `garage_name`, `inspector_name`, `inspector_contact_info`) VALUES ('643', '231', '157', 'deleniti', 'Mr. Gabriel Yost', '+19(1)2012178262');
INSERT INTO `claim_inspector` (`inspector_id`, `claim_no`, `report_id`, `garage_name`, `inspector_name`, `inspector_contact_info`) VALUES ('648', '417', '298', 'maxime', 'Marlen Hills', '02922024232');
INSERT INTO `claim_inspector` (`inspector_id`, `claim_no`, `report_id`, `garage_name`, `inspector_name`, `inspector_contact_info`) VALUES ('649', '344', '262', 'illum', 'Ines Lind', '1-399-665-8439');
INSERT INTO `claim_inspector` (`inspector_id`, `claim_no`, `report_id`, `garage_name`, `inspector_name`, `inspector_contact_info`) VALUES ('660', '628', '458', 'sequi', 'Kelton Upton Sr.', '299.127.9468x5949');
INSERT INTO `claim_inspector` (`inspector_id`, `claim_no`, `report_id`, `garage_name`, `inspector_name`, `inspector_contact_info`) VALUES ('667', '439', '305', 'mollitia', 'Nedra Powlowski', '(597)114-3915');
INSERT INTO `claim_inspector` (`inspector_id`, `claim_no`, `report_id`, `garage_name`, `inspector_name`, `inspector_contact_info`) VALUES ('670', '616', '446', 'sapiente', 'Reva Dietrich', '(556)193-0435x895');
INSERT INTO `claim_inspector` (`inspector_id`, `claim_no`, `report_id`, `garage_name`, `inspector_name`, `inspector_contact_info`) VALUES ('672', '539', '389', 'praesentium', 'Bette Mante IV', '1-895-743-9132');
INSERT INTO `claim_inspector` (`inspector_id`, `claim_no`, `report_id`, `garage_name`, `inspector_name`, `inspector_contact_info`) VALUES ('679', '667', '479', 'tempore', 'Dr. Charley Schiller DVM', '273-244-2879');
INSERT INTO `claim_inspector` (`inspector_id`, `claim_no`, `report_id`, `garage_name`, `inspector_name`, `inspector_contact_info`) VALUES ('680', '695', '493', 'veniam', 'Enola Powlowski', '506.539.1137x2020');
INSERT INTO `claim_inspector` (`inspector_id`, `claim_no`, `report_id`, `garage_name`, `inspector_name`, `inspector_contact_info`) VALUES ('697', '607', '438', 'reprehenderit', 'Prof. Jarrod King V', '972.648.2357');
INSERT INTO `claim_inspector` (`inspector_id`, `claim_no`, `report_id`, `garage_name`, `inspector_name`, `inspector_contact_info`) VALUES ('704', '460', '312', 'neque', 'Valentina Wiza DVM', '(271)938-8002');
INSERT INTO `claim_inspector` (`inspector_id`, `claim_no`, `report_id`, `garage_name`, `inspector_name`, `inspector_contact_info`) VALUES ('705', '471', '348', 'odio', 'Alex McGlynn', '281-012-5084');
INSERT INTO `claim_inspector` (`inspector_id`, `claim_no`, `report_id`, `garage_name`, `inspector_name`, `inspector_contact_info`) VALUES ('712', '577', '424', 'quo', 'Mckenna Fahey', '+12(7)8839179684');
INSERT INTO `claim_inspector` (`inspector_id`, `claim_no`, `report_id`, `garage_name`, `inspector_name`, `inspector_contact_info`) VALUES ('714', '691', '492', 'velit', 'Ryley Lakin', '1-964-673-0812x900');
INSERT INTO `claim_inspector` (`inspector_id`, `claim_no`, `report_id`, `garage_name`, `inspector_name`, `inspector_contact_info`) VALUES ('717', '558', '409', 'qui', 'Dr. Moshe Conroy', '04622239065');
INSERT INTO `claim_inspector` (`inspector_id`, `claim_no`, `report_id`, `garage_name`, `inspector_name`, `inspector_contact_info`) VALUES ('728', '354', '273', 'in', 'Carolyn Moore', '595-371-8993x6966');
INSERT INTO `claim_inspector` (`inspector_id`, `claim_no`, `report_id`, `garage_name`, `inspector_name`, `inspector_contact_info`) VALUES ('741', '268', '188', 'doloribus', 'Kamryn Becker MD', '1-149-582-8346');
INSERT INTO `claim_inspector` (`inspector_id`, `claim_no`, `report_id`, `garage_name`, `inspector_name`, `inspector_contact_info`) VALUES ('746', '152', '113', 'accusamus', 'April Mertz', '(257)190-4201');
INSERT INTO `claim_inspector` (`inspector_id`, `claim_no`, `report_id`, `garage_name`, `inspector_name`, `inspector_contact_info`) VALUES ('753', '132', '111', 'ab', 'Ressie Quitzon', '253.387.3701');
INSERT INTO `claim_inspector` (`inspector_id`, `claim_no`, `report_id`, `garage_name`, `inspector_name`, `inspector_contact_info`) VALUES ('766', '225', '156', 'cumque', 'Carmen Abernathy', '242-968-3061');
INSERT INTO `claim_inspector` (`inspector_id`, `claim_no`, `report_id`, `garage_name`, `inspector_name`, `inspector_contact_info`) VALUES ('804', '675', '483', 'tenetur', 'Blair Russel', '789.195.9367');
INSERT INTO `claim_inspector` (`inspector_id`, `claim_no`, `report_id`, `garage_name`, `inspector_name`, `inspector_contact_info`) VALUES ('806', '217', '148', 'culpa', 'Dayton Ferry', '02099211483');
INSERT INTO `claim_inspector` (`inspector_id`, `claim_no`, `report_id`, `garage_name`, `inspector_name`, `inspector_contact_info`) VALUES ('808', '511', '378', 'porro', 'Devon Legros', '307-057-4955x2589');
INSERT INTO `claim_inspector` (`inspector_id`, `claim_no`, `report_id`, `garage_name`, `inspector_name`, `inspector_contact_info`) VALUES ('828', '429', '300', 'minus', 'Gladys Wisoky', '+10(5)6809798331');
INSERT INTO `claim_inspector` (`inspector_id`, `claim_no`, `report_id`, `garage_name`, `inspector_name`, `inspector_contact_info`) VALUES ('836', '569', '421', 'quis', 'Mrs. Neha O\'Connell', '+67(4)9917211561');
INSERT INTO `claim_inspector` (`inspector_id`, `claim_no`, `report_id`, `garage_name`, `inspector_name`, `inspector_contact_info`) VALUES ('837', '318', '223', 'eum', 'Conor Hauck', '200.657.2788x2939');
INSERT INTO `claim_inspector` (`inspector_id`, `claim_no`, `report_id`, `garage_name`, `inspector_name`, `inspector_contact_info`) VALUES ('841', '494', '369', 'omnis', 'Madeline Aufderhar PhD', '1-909-681-3168');
INSERT INTO `claim_inspector` (`inspector_id`, `claim_no`, `report_id`, `garage_name`, `inspector_name`, `inspector_contact_info`) VALUES ('861', '185', '133', 'atque', 'Dakota Hauck', '672.522.4080');
INSERT INTO `claim_inspector` (`inspector_id`, `claim_no`, `report_id`, `garage_name`, `inspector_name`, `inspector_contact_info`) VALUES ('866', '559', '413', 'quia', 'Prof. Doris Effertz PhD', '1-178-504-2614x316');
INSERT INTO `claim_inspector` (`inspector_id`, `claim_no`, `report_id`, `garage_name`, `inspector_name`, `inspector_contact_info`) VALUES ('869', '433', '302', 'molestias', 'Danny Cummerata', '691-844-0184');
INSERT INTO `claim_inspector` (`inspector_id`, `claim_no`, `report_id`, `garage_name`, `inspector_name`, `inspector_contact_info`) VALUES ('875', '633', '461', 'sint', 'Alanna Schimmel', '(465)561-8126x4081');
INSERT INTO `claim_inspector` (`inspector_id`, `claim_no`, `report_id`, `garage_name`, `inspector_name`, `inspector_contact_info`) VALUES ('884', '306', '211', 'enim', 'Jan Barton', '024.919.9612x1444');
INSERT INTO `claim_inspector` (`inspector_id`, `claim_no`, `report_id`, `garage_name`, `inspector_name`, `inspector_contact_info`) VALUES ('888', '683', '487', 'ut', 'Gladyce Gislason', '(448)413-1729x208');
INSERT INTO `claim_inspector` (`inspector_id`, `claim_no`, `report_id`, `garage_name`, `inspector_name`, `inspector_contact_info`) VALUES ('891', '650', '478', 'tempora', 'Prof. Damion Watsica', '469.996.9323x639');
INSERT INTO `claim_inspector` (`inspector_id`, `claim_no`, `report_id`, `garage_name`, `inspector_name`, `inspector_contact_info`) VALUES ('900', '399', '288', 'laudantium', 'Giles Bayer', '(619)747-3644x378');
INSERT INTO `claim_inspector` (`inspector_id`, `claim_no`, `report_id`, `garage_name`, `inspector_name`, `inspector_contact_info`) VALUES ('925', '412', '295', 'magnam', 'Federico Kessler IV', '1-390-631-3331');
INSERT INTO `claim_inspector` (`inspector_id`, `claim_no`, `report_id`, `garage_name`, `inspector_name`, `inspector_contact_info`) VALUES ('944', '251', '183', 'doloremque', 'Mr. Darrel Marks', '(364)968-6395x4014');
INSERT INTO `claim_inspector` (`inspector_id`, `claim_no`, `report_id`, `garage_name`, `inspector_name`, `inspector_contact_info`) VALUES ('946', '198', '136', 'autem', 'Kari Sawayn I', '959-750-8140');
INSERT INTO `claim_inspector` (`inspector_id`, `claim_no`, `report_id`, `garage_name`, `inspector_name`, `inspector_contact_info`) VALUES ('960', '393', '287', 'laborum', 'Sandrine Quigley', '272-612-9754');
INSERT INTO `claim_inspector` (`inspector_id`, `claim_no`, `report_id`, `garage_name`, `inspector_name`, `inspector_contact_info`) VALUES ('961', '325', '232', 'excepturi', 'Ciara Harber', '07101422184');
INSERT INTO `claim_inspector` (`inspector_id`, `claim_no`, `report_id`, `garage_name`, `inspector_name`, `inspector_contact_info`) VALUES ('964', '507', '377', 'placeat', 'Yoshiko Goyette', '329-722-7117');
INSERT INTO `claim_inspector` (`inspector_id`, `claim_no`, `report_id`, `garage_name`, `inspector_name`, `inspector_contact_info`) VALUES ('967', '567', '414', 'quidem', 'Mrs. Annetta Hermiston', '1-484-524-1360x55637');


#
# TABLE STRUCTURE FOR: customer
#


INSERT INTO `customer` (`customer_id`, `first_name`, `last_name`, `birth_date`) VALUES ('100', 'Fahey', 'Bobby', '1972-11-20');
INSERT INTO `customer` (`customer_id`, `first_name`, `last_name`, `birth_date`) VALUES ('101', 'Dare', 'Ryann', '1988-02-03');
INSERT INTO `customer` (`customer_id`, `first_name`, `last_name`, `birth_date`) VALUES ('103', 'Hauck', 'Patience', '2007-05-08');
INSERT INTO `customer` (`customer_id`, `first_name`, `last_name`, `birth_date`) VALUES ('104', 'Raynor', 'Hailey', '2022-08-31');
INSERT INTO `customer` (`customer_id`, `first_name`, `last_name`, `birth_date`) VALUES ('105', 'Leannon', 'Clara', '2010-01-31');
INSERT INTO `customer` (`customer_id`, `first_name`, `last_name`, `birth_date`) VALUES ('106', 'Wilkinson', 'Ima', '1982-01-22');
INSERT INTO `customer` (`customer_id`, `first_name`, `last_name`, `birth_date`) VALUES ('107', 'Green', 'Kenton', '1989-08-14');
INSERT INTO `customer` (`customer_id`, `first_name`, `last_name`, `birth_date`) VALUES ('108', 'Robel', 'Gabriella', '2015-10-08');
INSERT INTO `customer` (`customer_id`, `first_name`, `last_name`, `birth_date`) VALUES ('113', 'Hettinger', 'Virginia', '1991-01-29');
INSERT INTO `customer` (`customer_id`, `first_name`, `last_name`, `birth_date`) VALUES ('114', 'Hermiston', 'Diamond', '1971-01-30');
INSERT INTO `customer` (`customer_id`, `first_name`, `last_name`, `birth_date`) VALUES ('116', 'Cormier', 'Jose', '2010-12-05');
INSERT INTO `customer` (`customer_id`, `first_name`, `last_name`, `birth_date`) VALUES ('118', 'Runte', 'Declan', '2020-11-12');
INSERT INTO `customer` (`customer_id`, `first_name`, `last_name`, `birth_date`) VALUES ('119', 'Hermiston', 'Marietta', '1987-03-12');
INSERT INTO `customer` (`customer_id`, `first_name`, `last_name`, `birth_date`) VALUES ('120', 'Kovacek', 'Lou', '1979-01-08');
INSERT INTO `customer` (`customer_id`, `first_name`, `last_name`, `birth_date`) VALUES ('121', 'Kautzer', 'Adelle', '1971-03-27');
INSERT INTO `customer` (`customer_id`, `first_name`, `last_name`, `birth_date`) VALUES ('122', 'Schneider', 'Jarvis', '1980-01-05');
INSERT INTO `customer` (`customer_id`, `first_name`, `last_name`, `birth_date`) VALUES ('123', 'Bashirian', 'Erick', '2018-10-05');
INSERT INTO `customer` (`customer_id`, `first_name`, `last_name`, `birth_date`) VALUES ('124', 'Lehner', 'Esther', '2012-01-19');
INSERT INTO `customer` (`customer_id`, `first_name`, `last_name`, `birth_date`) VALUES ('126', 'Kihn', 'Breanne', '1992-09-27');
INSERT INTO `customer` (`customer_id`, `first_name`, `last_name`, `birth_date`) VALUES ('127', 'Walter', 'Dan', '1985-09-09');
INSERT INTO `customer` (`customer_id`, `first_name`, `last_name`, `birth_date`) VALUES ('128', 'Halvorson', 'Rosendo', '2009-07-30');
INSERT INTO `customer` (`customer_id`, `first_name`, `last_name`, `birth_date`) VALUES ('129', 'Towne', 'Kieran', '1984-01-18');
INSERT INTO `customer` (`customer_id`, `first_name`, `last_name`, `birth_date`) VALUES ('130', 'Rice', 'Adan', '1977-12-26');
INSERT INTO `customer` (`customer_id`, `first_name`, `last_name`, `birth_date`) VALUES ('132', 'Rau', 'Noble', '1992-11-23');
INSERT INTO `customer` (`customer_id`, `first_name`, `last_name`, `birth_date`) VALUES ('134', 'Johnson', 'Theo', '1998-11-18');
INSERT INTO `customer` (`customer_id`, `first_name`, `last_name`, `birth_date`) VALUES ('135', 'Hilpert', 'Diego', '1977-03-26');
INSERT INTO `customer` (`customer_id`, `first_name`, `last_name`, `birth_date`) VALUES ('137', 'Little', 'Mariah', '1985-11-27');
INSERT INTO `customer` (`customer_id`, `first_name`, `last_name`, `birth_date`) VALUES ('138', 'Yost', 'Karlee', '1972-09-17');
INSERT INTO `customer` (`customer_id`, `first_name`, `last_name`, `birth_date`) VALUES ('139', 'Upton', 'Bette', '2012-06-14');
INSERT INTO `customer` (`customer_id`, `first_name`, `last_name`, `birth_date`) VALUES ('140', 'Torp', 'Rubye', '2004-10-03');
INSERT INTO `customer` (`customer_id`, `first_name`, `last_name`, `birth_date`) VALUES ('141', 'Rohan', 'Isaias', '1976-03-20');
INSERT INTO `customer` (`customer_id`, `first_name`, `last_name`, `birth_date`) VALUES ('142', 'Gaylord', 'Laverne', '1980-10-25');
INSERT INTO `customer` (`customer_id`, `first_name`, `last_name`, `birth_date`) VALUES ('145', 'Champlin', 'Blake', '2020-12-21');
INSERT INTO `customer` (`customer_id`, `first_name`, `last_name`, `birth_date`) VALUES ('147', 'Schmitt', 'Loraine', '1997-08-24');
INSERT INTO `customer` (`customer_id`, `first_name`, `last_name`, `birth_date`) VALUES ('149', 'Kris', 'Ruben', '2014-01-31');
INSERT INTO `customer` (`customer_id`, `first_name`, `last_name`, `birth_date`) VALUES ('150', 'Haag', 'Tyrique', '2007-11-26');
INSERT INTO `customer` (`customer_id`, `first_name`, `last_name`, `birth_date`) VALUES ('151', 'Ondricka', 'Jaden', '1985-03-10');
INSERT INTO `customer` (`customer_id`, `first_name`, `last_name`, `birth_date`) VALUES ('153', 'Toy', 'Vance', '1971-12-28');
INSERT INTO `customer` (`customer_id`, `first_name`, `last_name`, `birth_date`) VALUES ('154', 'Kovacek', 'Elmo', '2002-12-24');
INSERT INTO `customer` (`customer_id`, `first_name`, `last_name`, `birth_date`) VALUES ('155', 'Koch', 'Lyric', '1993-01-02');
INSERT INTO `customer` (`customer_id`, `first_name`, `last_name`, `birth_date`) VALUES ('158', 'Wilkinson', 'Lamont', '1996-10-11');
INSERT INTO `customer` (`customer_id`, `first_name`, `last_name`, `birth_date`) VALUES ('159', 'Cummerata', 'Fredy', '1985-06-15');
INSERT INTO `customer` (`customer_id`, `first_name`, `last_name`, `birth_date`) VALUES ('160', 'Stamm', 'Oceane', '1988-09-16');
INSERT INTO `customer` (`customer_id`, `first_name`, `last_name`, `birth_date`) VALUES ('161', 'Casper', 'Paxton', '1994-05-25');
INSERT INTO `customer` (`customer_id`, `first_name`, `last_name`, `birth_date`) VALUES ('167', 'Volkman', 'Raul', '1992-01-09');
INSERT INTO `customer` (`customer_id`, `first_name`, `last_name`, `birth_date`) VALUES ('169', 'Anderson', 'Alexandra', '1995-02-16');
INSERT INTO `customer` (`customer_id`, `first_name`, `last_name`, `birth_date`) VALUES ('171', 'Crist', 'Mafalda', '1977-01-26');
INSERT INTO `customer` (`customer_id`, `first_name`, `last_name`, `birth_date`) VALUES ('172', 'Predovic', 'Jayne', '2017-07-18');
INSERT INTO `customer` (`customer_id`, `first_name`, `last_name`, `birth_date`) VALUES ('174', 'Dibbert', 'Twila', '1999-05-16');
INSERT INTO `customer` (`customer_id`, `first_name`, `last_name`, `birth_date`) VALUES ('175', 'Nikolaus', 'Jammie', '2020-01-01');
INSERT INTO `customer` (`customer_id`, `first_name`, `last_name`, `birth_date`) VALUES ('176', 'Breitenberg', 'Jacquelyn', '1995-12-28');
INSERT INTO `customer` (`customer_id`, `first_name`, `last_name`, `birth_date`) VALUES ('177', 'Schuster', 'Madelynn', '1990-03-28');
INSERT INTO `customer` (`customer_id`, `first_name`, `last_name`, `birth_date`) VALUES ('178', 'Stark', 'Jane', '1992-10-07');
INSERT INTO `customer` (`customer_id`, `first_name`, `last_name`, `birth_date`) VALUES ('179', 'Bergstrom', 'Betsy', '1994-03-23');
INSERT INTO `customer` (`customer_id`, `first_name`, `last_name`, `birth_date`) VALUES ('183', 'Dietrich', 'Nyah', '2017-12-17');
INSERT INTO `customer` (`customer_id`, `first_name`, `last_name`, `birth_date`) VALUES ('184', 'Legros', 'Deja', '2018-05-16');
INSERT INTO `customer` (`customer_id`, `first_name`, `last_name`, `birth_date`) VALUES ('185', 'Haley', 'Trycia', '2013-05-07');
INSERT INTO `customer` (`customer_id`, `first_name`, `last_name`, `birth_date`) VALUES ('186', 'Streich', 'Alysa', '2012-02-10');
INSERT INTO `customer` (`customer_id`, `first_name`, `last_name`, `birth_date`) VALUES ('187', 'Spinka', 'Samantha', '2021-02-12');
INSERT INTO `customer` (`customer_id`, `first_name`, `last_name`, `birth_date`) VALUES ('189', 'Cummings', 'Emmett', '1972-06-01');
INSERT INTO `customer` (`customer_id`, `first_name`, `last_name`, `birth_date`) VALUES ('190', 'Gutkowski', 'Blanche', '2009-10-12');
INSERT INTO `customer` (`customer_id`, `first_name`, `last_name`, `birth_date`) VALUES ('191', 'Stoltenberg', 'Reese', '2014-08-15');
INSERT INTO `customer` (`customer_id`, `first_name`, `last_name`, `birth_date`) VALUES ('192', 'Spencer', 'Albertha', '2023-06-29');
INSERT INTO `customer` (`customer_id`, `first_name`, `last_name`, `birth_date`) VALUES ('195', 'Legros', 'Mekhi', '2009-05-29');
INSERT INTO `customer` (`customer_id`, `first_name`, `last_name`, `birth_date`) VALUES ('196', 'Stanton', 'Robb', '1997-06-07');
INSERT INTO `customer` (`customer_id`, `first_name`, `last_name`, `birth_date`) VALUES ('197', 'Heathcote', 'Sophie', '1987-04-03');
INSERT INTO `customer` (`customer_id`, `first_name`, `last_name`, `birth_date`) VALUES ('198', 'Flatley', 'Keaton', '1981-08-25');
INSERT INTO `customer` (`customer_id`, `first_name`, `last_name`, `birth_date`) VALUES ('199', 'Goyette', 'Godfrey', '2017-07-19');
INSERT INTO `customer` (`customer_id`, `first_name`, `last_name`, `birth_date`) VALUES ('200', 'Oberbrunner', 'Vincent', '1990-01-26');
INSERT INTO `customer` (`customer_id`, `first_name`, `last_name`, `birth_date`) VALUES ('202', 'Morissette', 'Jayden', '2013-07-12');
INSERT INTO `customer` (`customer_id`, `first_name`, `last_name`, `birth_date`) VALUES ('204', 'D\'Amore', 'Ashlynn', '2004-11-29');
INSERT INTO `customer` (`customer_id`, `first_name`, `last_name`, `birth_date`) VALUES ('205', 'Corkery', 'Fabiola', '1997-04-05');
INSERT INTO `customer` (`customer_id`, `first_name`, `last_name`, `birth_date`) VALUES ('206', 'Altenwerth', 'Paige', '1980-05-20');
INSERT INTO `customer` (`customer_id`, `first_name`, `last_name`, `birth_date`) VALUES ('207', 'Balistreri', 'Korey', '2009-01-23');
INSERT INTO `customer` (`customer_id`, `first_name`, `last_name`, `birth_date`) VALUES ('209', 'Olson', 'Kaylin', '1996-09-07');
INSERT INTO `customer` (`customer_id`, `first_name`, `last_name`, `birth_date`) VALUES ('211', 'Oberbrunner', 'Joesph', '1985-06-20');
INSERT INTO `customer` (`customer_id`, `first_name`, `last_name`, `birth_date`) VALUES ('212', 'Cummerata', 'Emelie', '1973-12-28');
INSERT INTO `customer` (`customer_id`, `first_name`, `last_name`, `birth_date`) VALUES ('215', 'Baumbach', 'Caleb', '2020-07-14');
INSERT INTO `customer` (`customer_id`, `first_name`, `last_name`, `birth_date`) VALUES ('217', 'Lowe', 'Elwyn', '2020-03-08');
INSERT INTO `customer` (`customer_id`, `first_name`, `last_name`, `birth_date`) VALUES ('218', 'Glover', 'Joshua', '2011-09-02');
INSERT INTO `customer` (`customer_id`, `first_name`, `last_name`, `birth_date`) VALUES ('220', 'Greenfelder', 'Seamus', '1979-11-09');
INSERT INTO `customer` (`customer_id`, `first_name`, `last_name`, `birth_date`) VALUES ('221', 'Walter', 'Janet', '1983-01-15');
INSERT INTO `customer` (`customer_id`, `first_name`, `last_name`, `birth_date`) VALUES ('222', 'Bartoletti', 'Friedrich', '2022-01-17');
INSERT INTO `customer` (`customer_id`, `first_name`, `last_name`, `birth_date`) VALUES ('223', 'Kovacek', 'Rebekah', '1997-05-02');
INSERT INTO `customer` (`customer_id`, `first_name`, `last_name`, `birth_date`) VALUES ('224', 'Beahan', 'Josiah', '1987-03-21');
INSERT INTO `customer` (`customer_id`, `first_name`, `last_name`, `birth_date`) VALUES ('227', 'Greenholt', 'Caleigh', '2024-01-21');
INSERT INTO `customer` (`customer_id`, `first_name`, `last_name`, `birth_date`) VALUES ('228', 'D\'Amore', 'Mason', '2007-06-07');
INSERT INTO `customer` (`customer_id`, `first_name`, `last_name`, `birth_date`) VALUES ('229', 'Walsh', 'Bobbie', '2019-04-08');
INSERT INTO `customer` (`customer_id`, `first_name`, `last_name`, `birth_date`) VALUES ('230', 'Lindgren', 'Haleigh', '1970-05-12');
INSERT INTO `customer` (`customer_id`, `first_name`, `last_name`, `birth_date`) VALUES ('233', 'Hand', 'Dawn', '2008-09-18');
INSERT INTO `customer` (`customer_id`, `first_name`, `last_name`, `birth_date`) VALUES ('234', 'Torphy', 'Sydnie', '2006-04-18');
INSERT INTO `customer` (`customer_id`, `first_name`, `last_name`, `birth_date`) VALUES ('235', 'Murphy', 'Theresa', '2012-02-26');
INSERT INTO `customer` (`customer_id`, `first_name`, `last_name`, `birth_date`) VALUES ('236', 'Gerhold', 'Ellen', '2012-12-20');
INSERT INTO `customer` (`customer_id`, `first_name`, `last_name`, `birth_date`) VALUES ('237', 'Wuckert', 'Orin', '2020-09-16');
INSERT INTO `customer` (`customer_id`, `first_name`, `last_name`, `birth_date`) VALUES ('239', 'Rosenbaum', 'Seamus', '1984-03-19');
INSERT INTO `customer` (`customer_id`, `first_name`, `last_name`, `birth_date`) VALUES ('242', 'Marquardt', 'Neoma', '2003-02-12');
INSERT INTO `customer` (`customer_id`, `first_name`, `last_name`, `birth_date`) VALUES ('244', 'O\'Keefe', 'Ila', '2002-06-12');
INSERT INTO `customer` (`customer_id`, `first_name`, `last_name`, `birth_date`) VALUES ('248', 'Metz', 'Alysha', '1996-09-28');
INSERT INTO `customer` (`customer_id`, `first_name`, `last_name`, `birth_date`) VALUES ('249', 'Boyle', 'Albert', '2002-05-27');
INSERT INTO `customer` (`customer_id`, `first_name`, `last_name`, `birth_date`) VALUES ('250', 'Treutel', 'Virgil', '1991-12-26');


#
# TABLE STRUCTURE FOR: customer_phone
#


INSERT INTO `customer_phone` (`customer_phone`, `customer_id`) VALUES ('7561232901', '100');
INSERT INTO `customer_phone` (`customer_phone`, `customer_id`) VALUES ('5959297607', '101');
INSERT INTO `customer_phone` (`customer_phone`, `customer_id`) VALUES ('8127586595', '103');
INSERT INTO `customer_phone` (`customer_phone`, `customer_id`) VALUES ('7902318523', '104');
INSERT INTO `customer_phone` (`customer_phone`, `customer_id`) VALUES ('5141584309', '105');
INSERT INTO `customer_phone` (`customer_phone`, `customer_id`) VALUES ('5816227993', '106');
INSERT INTO `customer_phone` (`customer_phone`, `customer_id`) VALUES ('5829132558', '107');
INSERT INTO `customer_phone` (`customer_phone`, `customer_id`) VALUES ('8517447152', '108');
INSERT INTO `customer_phone` (`customer_phone`, `customer_id`) VALUES ('6722674031', '113');
INSERT INTO `customer_phone` (`customer_phone`, `customer_id`) VALUES ('5767545362', '114');
INSERT INTO `customer_phone` (`customer_phone`, `customer_id`) VALUES ('7907399444', '116');
INSERT INTO `customer_phone` (`customer_phone`, `customer_id`) VALUES ('5693456561', '118');
INSERT INTO `customer_phone` (`customer_phone`, `customer_id`) VALUES ('4265520573', '119');
INSERT INTO `customer_phone` (`customer_phone`, `customer_id`) VALUES ('6344349334', '120');
INSERT INTO `customer_phone` (`customer_phone`, `customer_id`) VALUES ('7370041236', '121');
INSERT INTO `customer_phone` (`customer_phone`, `customer_id`) VALUES ('7743973510', '122');
INSERT INTO `customer_phone` (`customer_phone`, `customer_id`) VALUES ('6199525897', '123');
INSERT INTO `customer_phone` (`customer_phone`, `customer_id`) VALUES ('8243380010', '124');
INSERT INTO `customer_phone` (`customer_phone`, `customer_id`) VALUES ('8341702202', '126');
INSERT INTO `customer_phone` (`customer_phone`, `customer_id`) VALUES ('8490030972', '127');
INSERT INTO `customer_phone` (`customer_phone`, `customer_id`) VALUES ('7683766266', '128');
INSERT INTO `customer_phone` (`customer_phone`, `customer_id`) VALUES ('3934438051', '129');
INSERT INTO `customer_phone` (`customer_phone`, `customer_id`) VALUES ('6390401578', '130');
INSERT INTO `customer_phone` (`customer_phone`, `customer_id`) VALUES ('7090956620', '132');
INSERT INTO `customer_phone` (`customer_phone`, `customer_id`) VALUES ('8438246353', '134');
INSERT INTO `customer_phone` (`customer_phone`, `customer_id`) VALUES ('7723907540', '135');
INSERT INTO `customer_phone` (`customer_phone`, `customer_id`) VALUES ('7535749647', '137');
INSERT INTO `customer_phone` (`customer_phone`, `customer_id`) VALUES ('7971572127', '138');
INSERT INTO `customer_phone` (`customer_phone`, `customer_id`) VALUES ('6688116908', '139');
INSERT INTO `customer_phone` (`customer_phone`, `customer_id`) VALUES ('7115838036', '140');
INSERT INTO `customer_phone` (`customer_phone`, `customer_id`) VALUES ('5365047405', '141');
INSERT INTO `customer_phone` (`customer_phone`, `customer_id`) VALUES ('7352816558', '142');
INSERT INTO `customer_phone` (`customer_phone`, `customer_id`) VALUES ('7373774768', '145');
INSERT INTO `customer_phone` (`customer_phone`, `customer_id`) VALUES ('4597310127', '147');
INSERT INTO `customer_phone` (`customer_phone`, `customer_id`) VALUES ('7337909930', '149');
INSERT INTO `customer_phone` (`customer_phone`, `customer_id`) VALUES ('6934364127', '150');
INSERT INTO `customer_phone` (`customer_phone`, `customer_id`) VALUES ('5162328554', '151');
INSERT INTO `customer_phone` (`customer_phone`, `customer_id`) VALUES ('4727321734', '153');
INSERT INTO `customer_phone` (`customer_phone`, `customer_id`) VALUES ('6739270692', '154');
INSERT INTO `customer_phone` (`customer_phone`, `customer_id`) VALUES ('8023495429', '155');
INSERT INTO `customer_phone` (`customer_phone`, `customer_id`) VALUES ('4748967131', '158');
INSERT INTO `customer_phone` (`customer_phone`, `customer_id`) VALUES ('6188676190', '159');
INSERT INTO `customer_phone` (`customer_phone`, `customer_id`) VALUES ('5362465204', '160');
INSERT INTO `customer_phone` (`customer_phone`, `customer_id`) VALUES ('5828785874', '161');
INSERT INTO `customer_phone` (`customer_phone`, `customer_id`) VALUES ('7924067504', '167');
INSERT INTO `customer_phone` (`customer_phone`, `customer_id`) VALUES ('7824147314', '169');
INSERT INTO `customer_phone` (`customer_phone`, `customer_id`) VALUES ('6908445805', '171');
INSERT INTO `customer_phone` (`customer_phone`, `customer_id`) VALUES ('4191470686', '172');
INSERT INTO `customer_phone` (`customer_phone`, `customer_id`) VALUES ('6993957072', '174');
INSERT INTO `customer_phone` (`customer_phone`, `customer_id`) VALUES ('7415421755', '175');
INSERT INTO `customer_phone` (`customer_phone`, `customer_id`) VALUES ('4992125677', '176');
INSERT INTO `customer_phone` (`customer_phone`, `customer_id`) VALUES ('6776955524', '177');
INSERT INTO `customer_phone` (`customer_phone`, `customer_id`) VALUES ('7163783892', '178');
INSERT INTO `customer_phone` (`customer_phone`, `customer_id`) VALUES ('3847385203', '179');
INSERT INTO `customer_phone` (`customer_phone`, `customer_id`) VALUES ('6658926569', '183');
INSERT INTO `customer_phone` (`customer_phone`, `customer_id`) VALUES ('4498813407', '184');
INSERT INTO `customer_phone` (`customer_phone`, `customer_id`) VALUES ('8453841296', '185');
INSERT INTO `customer_phone` (`customer_phone`, `customer_id`) VALUES ('7834906806', '186');
INSERT INTO `customer_phone` (`customer_phone`, `customer_id`) VALUES ('6947149523', '187');
INSERT INTO `customer_phone` (`customer_phone`, `customer_id`) VALUES ('6322061794', '189');
INSERT INTO `customer_phone` (`customer_phone`, `customer_id`) VALUES ('7368093785', '190');
INSERT INTO `customer_phone` (`customer_phone`, `customer_id`) VALUES ('6892588057', '191');
INSERT INTO `customer_phone` (`customer_phone`, `customer_id`) VALUES ('7372933840', '192');
INSERT INTO `customer_phone` (`customer_phone`, `customer_id`) VALUES ('3859017493', '195');
INSERT INTO `customer_phone` (`customer_phone`, `customer_id`) VALUES ('6349488972', '196');
INSERT INTO `customer_phone` (`customer_phone`, `customer_id`) VALUES ('4361185618', '197');
INSERT INTO `customer_phone` (`customer_phone`, `customer_id`) VALUES ('7334085107', '198');
INSERT INTO `customer_phone` (`customer_phone`, `customer_id`) VALUES ('6708147748', '199');
INSERT INTO `customer_phone` (`customer_phone`, `customer_id`) VALUES ('4031821449', '200');
INSERT INTO `customer_phone` (`customer_phone`, `customer_id`) VALUES ('3671032934', '202');
INSERT INTO `customer_phone` (`customer_phone`, `customer_id`) VALUES ('5507910096', '204');
INSERT INTO `customer_phone` (`customer_phone`, `customer_id`) VALUES ('7995301431', '205');
INSERT INTO `customer_phone` (`customer_phone`, `customer_id`) VALUES ('6013187379', '206');
INSERT INTO `customer_phone` (`customer_phone`, `customer_id`) VALUES ('4422953760', '207');
INSERT INTO `customer_phone` (`customer_phone`, `customer_id`) VALUES ('5992200268', '209');
INSERT INTO `customer_phone` (`customer_phone`, `customer_id`) VALUES ('6472886726', '211');
INSERT INTO `customer_phone` (`customer_phone`, `customer_id`) VALUES ('4974140216', '212');
INSERT INTO `customer_phone` (`customer_phone`, `customer_id`) VALUES ('4372799369', '215');
INSERT INTO `customer_phone` (`customer_phone`, `customer_id`) VALUES ('4070979686', '217');
INSERT INTO `customer_phone` (`customer_phone`, `customer_id`) VALUES ('4332777853', '218');
INSERT INTO `customer_phone` (`customer_phone`, `customer_id`) VALUES ('8182842210', '220');
INSERT INTO `customer_phone` (`customer_phone`, `customer_id`) VALUES ('3712442747', '221');
INSERT INTO `customer_phone` (`customer_phone`, `customer_id`) VALUES ('4014504932', '222');
INSERT INTO `customer_phone` (`customer_phone`, `customer_id`) VALUES ('6949796378', '223');
INSERT INTO `customer_phone` (`customer_phone`, `customer_id`) VALUES ('3734863808', '224');
INSERT INTO `customer_phone` (`customer_phone`, `customer_id`) VALUES ('5816890938', '227');
INSERT INTO `customer_phone` (`customer_phone`, `customer_id`) VALUES ('5200648891', '228');
INSERT INTO `customer_phone` (`customer_phone`, `customer_id`) VALUES ('5984708297', '229');
INSERT INTO `customer_phone` (`customer_phone`, `customer_id`) VALUES ('7266447952', '230');
INSERT INTO `customer_phone` (`customer_phone`, `customer_id`) VALUES ('3866063397', '233');
INSERT INTO `customer_phone` (`customer_phone`, `customer_id`) VALUES ('6028878873', '234');
INSERT INTO `customer_phone` (`customer_phone`, `customer_id`) VALUES ('4160243432', '235');
INSERT INTO `customer_phone` (`customer_phone`, `customer_id`) VALUES ('4853595030', '236');
INSERT INTO `customer_phone` (`customer_phone`, `customer_id`) VALUES ('5017678019', '237');
INSERT INTO `customer_phone` (`customer_phone`, `customer_id`) VALUES ('3935307446', '239');
INSERT INTO `customer_phone` (`customer_phone`, `customer_id`) VALUES ('5850506912', '242');
INSERT INTO `customer_phone` (`customer_phone`, `customer_id`) VALUES ('8033373021', '244');
INSERT INTO `customer_phone` (`customer_phone`, `customer_id`) VALUES ('7590364930', '248');
INSERT INTO `customer_phone` (`customer_phone`, `customer_id`) VALUES ('8544929148', '249');
INSERT INTO `customer_phone` (`customer_phone`, `customer_id`) VALUES ('6979731312', '250');


#
# TABLE STRUCTURE FOR: finance_dept
#


INSERT INTO `finance_dept` (`transaction_id`, `disbursed_amount`, `disbursement_status`) VALUES ('02215089-9811-331b-b958-118750774fac', 8172, 'disbursed');
INSERT INTO `finance_dept` (`transaction_id`, `disbursed_amount`, `disbursement_status`) VALUES ('04fc7f16-670b-3c4b-baf2-7b429cb61dea', 9565, 'pending');
INSERT INTO `finance_dept` (`transaction_id`, `disbursed_amount`, `disbursement_status`) VALUES ('05642a8b-97f4-3ff8-b114-d6ae6c0c325b', 6421, 'pending');
INSERT INTO `finance_dept` (`transaction_id`, `disbursed_amount`, `disbursement_status`) VALUES ('0a42d32e-fc7d-3dde-9383-38b50ee01d79', 7082, 'disbursed');
INSERT INTO `finance_dept` (`transaction_id`, `disbursed_amount`, `disbursement_status`) VALUES ('0a8e44a1-f391-35e2-955b-3ef4b1a9682e', 8444, 'pending');
INSERT INTO `finance_dept` (`transaction_id`, `disbursed_amount`, `disbursement_status`) VALUES ('0ed36d5d-7ad7-322b-aeda-8f82ded489e1', 7009, 'pending');
INSERT INTO `finance_dept` (`transaction_id`, `disbursed_amount`, `disbursement_status`) VALUES ('178ecb96-be8d-3e3e-a8b0-7baea96d5add', 5046, 'disbursed');
INSERT INTO `finance_dept` (`transaction_id`, `disbursed_amount`, `disbursement_status`) VALUES ('1a39274c-eec0-3ebc-9911-84720a5602db', 8249, 'pending');
INSERT INTO `finance_dept` (`transaction_id`, `disbursed_amount`, `disbursement_status`) VALUES ('1dc17b03-8451-3ea8-90fc-69af47842470', 6193, 'disbursed');
INSERT INTO `finance_dept` (`transaction_id`, `disbursed_amount`, `disbursement_status`) VALUES ('28734f79-745d-3c54-8607-ef19e8a235f8', 9231, 'pending');
INSERT INTO `finance_dept` (`transaction_id`, `disbursed_amount`, `disbursement_status`) VALUES ('2be8cb67-25bf-3daf-8789-593873766e51', 6992, 'disbursed');
INSERT INTO `finance_dept` (`transaction_id`, `disbursed_amount`, `disbursement_status`) VALUES ('2c9b0124-fd37-38a4-a772-1891e9b34c81', 8770, 'pending');
INSERT INTO `finance_dept` (`transaction_id`, `disbursed_amount`, `disbursement_status`) VALUES ('32ecc3de-826e-3207-880d-3a33b7b4aa9f', 9896, 'pending');
INSERT INTO `finance_dept` (`transaction_id`, `disbursed_amount`, `disbursement_status`) VALUES ('3a035be4-770c-3a22-8d40-40a5016eb6b0', 6130, 'disbursed');
INSERT INTO `finance_dept` (`transaction_id`, `disbursed_amount`, `disbursement_status`) VALUES ('3cd46971-fd5b-3f1d-8b24-0d2786270e32', 9975, 'disbursed');
INSERT INTO `finance_dept` (`transaction_id`, `disbursed_amount`, `disbursement_status`) VALUES ('3f1df50e-2c9a-3663-83bd-0d9299efb85f', 9248, 'pending');
INSERT INTO `finance_dept` (`transaction_id`, `disbursed_amount`, `disbursement_status`) VALUES ('40b2421e-3666-3023-a67d-05fec6088150', 9241, 'disbursed');
INSERT INTO `finance_dept` (`transaction_id`, `disbursed_amount`, `disbursement_status`) VALUES ('4c6e89f9-6e26-3470-8941-d20e8685adb6', 5827, 'disbursed');
INSERT INTO `finance_dept` (`transaction_id`, `disbursed_amount`, `disbursement_status`) VALUES ('50cc20e3-4dda-3873-a950-0c71b049d51c', 8393, 'pending');
INSERT INTO `finance_dept` (`transaction_id`, `disbursed_amount`, `disbursement_status`) VALUES ('54be2031-8696-3cb2-8e12-3bc60a7ed5cf', 9067, 'disbursed');
INSERT INTO `finance_dept` (`transaction_id`, `disbursed_amount`, `disbursement_status`) VALUES ('584cee5d-588a-3beb-b275-c22290449750', 5369, 'disbursed');
INSERT INTO `finance_dept` (`transaction_id`, `disbursed_amount`, `disbursement_status`) VALUES ('615de7b2-1f03-337b-b48a-568c999e1662', 8783, 'disbursed');
INSERT INTO `finance_dept` (`transaction_id`, `disbursed_amount`, `disbursement_status`) VALUES ('62ff677c-52c4-3c34-9db7-182e181ff43a', 9185, 'disbursed');
INSERT INTO `finance_dept` (`transaction_id`, `disbursed_amount`, `disbursement_status`) VALUES ('63b2ce92-16a2-333f-949e-3b65eb9f0700', 9572, 'pending');
INSERT INTO `finance_dept` (`transaction_id`, `disbursed_amount`, `disbursement_status`) VALUES ('645274e3-ae3e-35a9-8a71-5d9856e9739b', 5024, 'pending');
INSERT INTO `finance_dept` (`transaction_id`, `disbursed_amount`, `disbursement_status`) VALUES ('64dc5e3f-964c-36bf-85e3-758cc5ae1e34', 9776, 'pending');
INSERT INTO `finance_dept` (`transaction_id`, `disbursed_amount`, `disbursement_status`) VALUES ('64e32562-0690-3ade-b9a5-30f0a80b86bd', 6909, 'pending');
INSERT INTO `finance_dept` (`transaction_id`, `disbursed_amount`, `disbursement_status`) VALUES ('6a3e5246-25d3-3309-bddc-12ef8197f80f', 5748, 'disbursed');
INSERT INTO `finance_dept` (`transaction_id`, `disbursed_amount`, `disbursement_status`) VALUES ('6b823fc3-3cff-34e2-8c0a-6c2f30103567', 8488, 'pending');
INSERT INTO `finance_dept` (`transaction_id`, `disbursed_amount`, `disbursement_status`) VALUES ('6c1ab3b6-4582-39ef-936a-816c633a82ba', 8181, 'disbursed');
INSERT INTO `finance_dept` (`transaction_id`, `disbursed_amount`, `disbursement_status`) VALUES ('72641673-6193-3e4b-86f6-a71d3a1ff143', 6233, 'pending');
INSERT INTO `finance_dept` (`transaction_id`, `disbursed_amount`, `disbursement_status`) VALUES ('78e865cf-0385-3895-b8e7-535c6dd1ef04', 8459, 'pending');
INSERT INTO `finance_dept` (`transaction_id`, `disbursed_amount`, `disbursement_status`) VALUES ('79f52157-2141-3fd3-909c-26b6633ce92e', 8381, 'disbursed');
INSERT INTO `finance_dept` (`transaction_id`, `disbursed_amount`, `disbursement_status`) VALUES ('7e7687bd-b42d-3100-aa53-7bf41ca84e2d', 9293, 'pending');
INSERT INTO `finance_dept` (`transaction_id`, `disbursed_amount`, `disbursement_status`) VALUES ('8047daf8-ffc6-34d8-bc53-8658e6031168', 8285, 'pending');
INSERT INTO `finance_dept` (`transaction_id`, `disbursed_amount`, `disbursement_status`) VALUES ('82d3f1d0-c302-39d0-8b0a-714d97e638db', 6093, 'disbursed');
INSERT INTO `finance_dept` (`transaction_id`, `disbursed_amount`, `disbursement_status`) VALUES ('88875dcd-6818-3554-89a7-a7663ef934a7', 9398, 'pending');
INSERT INTO `finance_dept` (`transaction_id`, `disbursed_amount`, `disbursement_status`) VALUES ('8a068fc9-f1d4-3605-b972-8257c8704176', 9133, 'disbursed');
INSERT INTO `finance_dept` (`transaction_id`, `disbursed_amount`, `disbursement_status`) VALUES ('8b439c80-a705-3800-8b3d-11738439388c', 7232, 'disbursed');
INSERT INTO `finance_dept` (`transaction_id`, `disbursed_amount`, `disbursement_status`) VALUES ('90b4f530-8b75-3573-b487-8781532f188e', 6769, 'disbursed');
INSERT INTO `finance_dept` (`transaction_id`, `disbursed_amount`, `disbursement_status`) VALUES ('91032efd-8182-3eaa-9942-5cd83adb52ab', 6536, 'disbursed');
INSERT INTO `finance_dept` (`transaction_id`, `disbursed_amount`, `disbursement_status`) VALUES ('915deebd-06a5-3f07-8d0f-2755d30c4360', 5817, 'pending');
INSERT INTO `finance_dept` (`transaction_id`, `disbursed_amount`, `disbursement_status`) VALUES ('9216f366-738d-3002-922d-0f4fdf196fe6', 9659, 'disbursed');
INSERT INTO `finance_dept` (`transaction_id`, `disbursed_amount`, `disbursement_status`) VALUES ('9509cade-02e6-3090-b952-f902d343cb42', 7942, 'disbursed');
INSERT INTO `finance_dept` (`transaction_id`, `disbursed_amount`, `disbursement_status`) VALUES ('966d563b-5ca7-3eb5-aac0-44c149951335', 5971, 'disbursed');
INSERT INTO `finance_dept` (`transaction_id`, `disbursed_amount`, `disbursement_status`) VALUES ('97dd306a-4a26-36a5-aa3d-66283d485ea8', 5518, 'disbursed');
INSERT INTO `finance_dept` (`transaction_id`, `disbursed_amount`, `disbursement_status`) VALUES ('985811fd-b69d-3b57-931e-d8da572d0ef1', 9334, 'disbursed');
INSERT INTO `finance_dept` (`transaction_id`, `disbursed_amount`, `disbursement_status`) VALUES ('98ec1be5-f3c8-38c4-8bfc-cf6932979450', 7532, 'disbursed');
INSERT INTO `finance_dept` (`transaction_id`, `disbursed_amount`, `disbursement_status`) VALUES ('98f1494b-cb30-34a4-939a-7899c5132674', 8037, 'disbursed');
INSERT INTO `finance_dept` (`transaction_id`, `disbursed_amount`, `disbursement_status`) VALUES ('9b16489f-2d64-3196-85c6-667a66378349', 7944, 'pending');
INSERT INTO `finance_dept` (`transaction_id`, `disbursed_amount`, `disbursement_status`) VALUES ('9c1d04c2-5926-32ce-bc14-6891645e92c3', 6813, 'disbursed');
INSERT INTO `finance_dept` (`transaction_id`, `disbursed_amount`, `disbursement_status`) VALUES ('9c4bdc08-fdc1-3869-acc7-034549e66b4a', 9612, 'pending');
INSERT INTO `finance_dept` (`transaction_id`, `disbursed_amount`, `disbursement_status`) VALUES ('9cbc7439-3b42-3566-bb4b-70456fbef637', 8520, 'pending');
INSERT INTO `finance_dept` (`transaction_id`, `disbursed_amount`, `disbursement_status`) VALUES ('9ce5f24d-d635-362d-aa35-3039e5015bf6', 6037, 'pending');
INSERT INTO `finance_dept` (`transaction_id`, `disbursed_amount`, `disbursement_status`) VALUES ('a688d38c-eeea-3f60-a654-716fcf4884e1', 5030, 'disbursed');
INSERT INTO `finance_dept` (`transaction_id`, `disbursed_amount`, `disbursement_status`) VALUES ('ad6e3f88-a854-3f32-b56f-6aaeedfbf400', 7446, 'disbursed');
INSERT INTO `finance_dept` (`transaction_id`, `disbursed_amount`, `disbursement_status`) VALUES ('ae31c186-0fc9-301d-a392-966acbf2942d', 8337, 'disbursed');
INSERT INTO `finance_dept` (`transaction_id`, `disbursed_amount`, `disbursement_status`) VALUES ('ae9c497c-578c-3b88-a031-1a24406641a5', 7985, 'pending');
INSERT INTO `finance_dept` (`transaction_id`, `disbursed_amount`, `disbursement_status`) VALUES ('aecceb87-72fc-3849-be12-07f6601f4ad2', 7234, 'disbursed');
INSERT INTO `finance_dept` (`transaction_id`, `disbursed_amount`, `disbursement_status`) VALUES ('aed151a5-a994-3054-a3e8-e7e7da329d0d', 8168, 'pending');
INSERT INTO `finance_dept` (`transaction_id`, `disbursed_amount`, `disbursement_status`) VALUES ('b687357f-9afd-3113-8e99-805ce89aad77', 7722, 'disbursed');
INSERT INTO `finance_dept` (`transaction_id`, `disbursed_amount`, `disbursement_status`) VALUES ('b9de5507-fe0b-35b1-a353-b5c0e571ffd9', 9982, 'pending');
INSERT INTO `finance_dept` (`transaction_id`, `disbursed_amount`, `disbursement_status`) VALUES ('ba0aa514-b382-3be6-8644-ac948e724739', 6663, 'disbursed');
INSERT INTO `finance_dept` (`transaction_id`, `disbursed_amount`, `disbursement_status`) VALUES ('bf887b6a-4ca4-3dc6-b406-372319e2f5bc', 9848, 'pending');
INSERT INTO `finance_dept` (`transaction_id`, `disbursed_amount`, `disbursement_status`) VALUES ('bf9b0c5a-f25f-3eb8-b766-cd58646fc052', 7447, 'pending');
INSERT INTO `finance_dept` (`transaction_id`, `disbursed_amount`, `disbursement_status`) VALUES ('c1a575cf-5f21-390b-9356-76b71563405f', 6914, 'disbursed');
INSERT INTO `finance_dept` (`transaction_id`, `disbursed_amount`, `disbursement_status`) VALUES ('c31e9dc0-9b13-373f-a62e-0f0f3a9405b3', 6662, 'pending');
INSERT INTO `finance_dept` (`transaction_id`, `disbursed_amount`, `disbursement_status`) VALUES ('c4f08e4f-d4e7-3ecc-82ca-2be44ce55b72', 6611, 'pending');
INSERT INTO `finance_dept` (`transaction_id`, `disbursed_amount`, `disbursement_status`) VALUES ('c5087ce3-f883-3c3e-800b-204ef8ed13e4', 9900, 'disbursed');
INSERT INTO `finance_dept` (`transaction_id`, `disbursed_amount`, `disbursement_status`) VALUES ('c531e780-49d1-31b0-a540-c304f1c7c172', 6110, 'disbursed');
INSERT INTO `finance_dept` (`transaction_id`, `disbursed_amount`, `disbursement_status`) VALUES ('c635c0e1-f3b3-334c-afba-b13c3536a8b9', 5395, 'pending');
INSERT INTO `finance_dept` (`transaction_id`, `disbursed_amount`, `disbursement_status`) VALUES ('c7597120-c0be-3953-a466-c497642bbe93', 6411, 'disbursed');
INSERT INTO `finance_dept` (`transaction_id`, `disbursed_amount`, `disbursement_status`) VALUES ('c7fdbdfb-0a96-37e2-a280-bad280090ab3', 8877, 'disbursed');
INSERT INTO `finance_dept` (`transaction_id`, `disbursed_amount`, `disbursement_status`) VALUES ('c80a39c3-76cf-3401-bbe1-4d1a1280c702', 6331, 'disbursed');
INSERT INTO `finance_dept` (`transaction_id`, `disbursed_amount`, `disbursement_status`) VALUES ('cb5c1d97-6b49-37e1-83e4-ff58b44c0b45', 9715, 'pending');
INSERT INTO `finance_dept` (`transaction_id`, `disbursed_amount`, `disbursement_status`) VALUES ('ce262240-e1b6-3cbf-a5c7-5bc1c27b1e10', 6945, 'pending');
INSERT INTO `finance_dept` (`transaction_id`, `disbursed_amount`, `disbursement_status`) VALUES ('d218c251-9575-3463-99ff-551965c2d166', 8408, 'pending');
INSERT INTO `finance_dept` (`transaction_id`, `disbursed_amount`, `disbursement_status`) VALUES ('d2736a48-37fe-3fc9-a3cb-8e318c1256f5', 8672, 'disbursed');
INSERT INTO `finance_dept` (`transaction_id`, `disbursed_amount`, `disbursement_status`) VALUES ('d7a54f84-fd1e-37f1-87a1-f772ba351fe7', 6109, 'disbursed');
INSERT INTO `finance_dept` (`transaction_id`, `disbursed_amount`, `disbursement_status`) VALUES ('dacc6bb1-a770-3c61-985e-5567202605e6', 5518, 'disbursed');
INSERT INTO `finance_dept` (`transaction_id`, `disbursed_amount`, `disbursement_status`) VALUES ('dbdad0d5-e301-36d0-94ea-be161a87c626', 7778, 'pending');
INSERT INTO `finance_dept` (`transaction_id`, `disbursed_amount`, `disbursement_status`) VALUES ('dc674ae8-bfc1-34d0-8f28-4cf2837c10a5', 5325, 'pending');
INSERT INTO `finance_dept` (`transaction_id`, `disbursed_amount`, `disbursement_status`) VALUES ('dc907993-4b32-382d-b9ec-8063cce8e8a8', 9813, 'disbursed');
INSERT INTO `finance_dept` (`transaction_id`, `disbursed_amount`, `disbursement_status`) VALUES ('dca1b62f-58a1-39a1-bc4a-4509ede055d8', 6146, 'disbursed');
INSERT INTO `finance_dept` (`transaction_id`, `disbursed_amount`, `disbursement_status`) VALUES ('e366931c-810b-310d-ba0c-8fa9f5c3c494', 5496, 'pending');
INSERT INTO `finance_dept` (`transaction_id`, `disbursed_amount`, `disbursement_status`) VALUES ('e404350b-f02b-32f8-a3bb-7714e27011d6', 6292, 'pending');
INSERT INTO `finance_dept` (`transaction_id`, `disbursed_amount`, `disbursement_status`) VALUES ('e56901dd-d72c-35c1-9e07-c97477d61c22', 8793, 'pending');
INSERT INTO `finance_dept` (`transaction_id`, `disbursed_amount`, `disbursement_status`) VALUES ('e8685e7f-027e-3701-88b0-77aa571745cd', 7161, 'disbursed');
INSERT INTO `finance_dept` (`transaction_id`, `disbursed_amount`, `disbursement_status`) VALUES ('f0449292-0cb9-308f-8281-b40c3ecdcebd', 5065, 'pending');
INSERT INTO `finance_dept` (`transaction_id`, `disbursed_amount`, `disbursement_status`) VALUES ('f1771bd3-1c74-33d4-8b32-de39e15461eb', 9819, 'pending');
INSERT INTO `finance_dept` (`transaction_id`, `disbursed_amount`, `disbursement_status`) VALUES ('f2e450cc-aa25-3056-8940-cc8f6ffb1e22', 8975, 'pending');
INSERT INTO `finance_dept` (`transaction_id`, `disbursed_amount`, `disbursement_status`) VALUES ('f363f5ca-16b2-3010-8cbc-3407f481fd75', 9441, 'disbursed');
INSERT INTO `finance_dept` (`transaction_id`, `disbursed_amount`, `disbursement_status`) VALUES ('f5f29033-9e72-3f94-93d3-a2eeb120ea17', 5636, 'pending');
INSERT INTO `finance_dept` (`transaction_id`, `disbursed_amount`, `disbursement_status`) VALUES ('f672b383-c6e2-31c9-88f9-70b22371b49d', 9312, 'disbursed');
INSERT INTO `finance_dept` (`transaction_id`, `disbursed_amount`, `disbursement_status`) VALUES ('f7daaf87-d692-3d67-bc62-8994b1adc879', 9576, 'disbursed');
INSERT INTO `finance_dept` (`transaction_id`, `disbursed_amount`, `disbursement_status`) VALUES ('f7f0db89-efb5-3eb7-b7d6-720941806904', 7910, 'disbursed');
INSERT INTO `finance_dept` (`transaction_id`, `disbursed_amount`, `disbursement_status`) VALUES ('f8386da2-a766-3157-aaf2-1105e5a65c21', 7897, 'disbursed');
INSERT INTO `finance_dept` (`transaction_id`, `disbursed_amount`, `disbursement_status`) VALUES ('f8c89422-9a36-3e29-a91f-c2023a801aff', 8701, 'pending');
INSERT INTO `finance_dept` (`transaction_id`, `disbursed_amount`, `disbursement_status`) VALUES ('fd7afc3f-6a80-3c9d-a8d6-64d12a86ab06', 8155, 'disbursed');
INSERT INTO `finance_dept` (`transaction_id`, `disbursed_amount`, `disbursement_status`) VALUES ('fe4e9937-1e0e-3313-abab-d6147b4a8226', 7876, 'pending');


#
# TABLE STRUCTURE FOR: garage_partner
#


INSERT INTO `garage_partner` (`garage_name`, `contact_info`) VALUES ('ab', '1-006-663-6255x55082');
INSERT INTO `garage_partner` (`garage_name`, `contact_info`) VALUES ('accusamus', '06603277883');
INSERT INTO `garage_partner` (`garage_name`, `contact_info`) VALUES ('alias', '00782124395');
INSERT INTO `garage_partner` (`garage_name`, `contact_info`) VALUES ('animi', '481-812-0340x7286');
INSERT INTO `garage_partner` (`garage_name`, `contact_info`) VALUES ('aspernatur', '08500834757');
INSERT INTO `garage_partner` (`garage_name`, `contact_info`) VALUES ('assumenda', '(094)757-1883x6604');
INSERT INTO `garage_partner` (`garage_name`, `contact_info`) VALUES ('atque', '1-707-620-2501');
INSERT INTO `garage_partner` (`garage_name`, `contact_info`) VALUES ('aut', '(623)240-1986');
INSERT INTO `garage_partner` (`garage_name`, `contact_info`) VALUES ('autem', '248.340.2879');
INSERT INTO `garage_partner` (`garage_name`, `contact_info`) VALUES ('beatae', '472.347.8598x55330');
INSERT INTO `garage_partner` (`garage_name`, `contact_info`) VALUES ('commodi', '+75(1)3088188387');
INSERT INTO `garage_partner` (`garage_name`, `contact_info`) VALUES ('consequatur', '(646)100-3042x1445');
INSERT INTO `garage_partner` (`garage_name`, `contact_info`) VALUES ('culpa', '685-651-3008');
INSERT INTO `garage_partner` (`garage_name`, `contact_info`) VALUES ('cum', '341.888.6227');
INSERT INTO `garage_partner` (`garage_name`, `contact_info`) VALUES ('cumque', '301.441.5768x537');
INSERT INTO `garage_partner` (`garage_name`, `contact_info`) VALUES ('deleniti', '+74(8)3232314130');
INSERT INTO `garage_partner` (`garage_name`, `contact_info`) VALUES ('distinctio', '1-785-954-2784');
INSERT INTO `garage_partner` (`garage_name`, `contact_info`) VALUES ('dolor', '482-569-8971x728');
INSERT INTO `garage_partner` (`garage_name`, `contact_info`) VALUES ('dolore', '076.102.8644');
INSERT INTO `garage_partner` (`garage_name`, `contact_info`) VALUES ('dolorem', '(549)198-9849x0514');
INSERT INTO `garage_partner` (`garage_name`, `contact_info`) VALUES ('doloremque', '(706)731-3704');
INSERT INTO `garage_partner` (`garage_name`, `contact_info`) VALUES ('dolores', '1-874-860-2917x712');
INSERT INTO `garage_partner` (`garage_name`, `contact_info`) VALUES ('doloribus', '1-403-850-6834x2651');
INSERT INTO `garage_partner` (`garage_name`, `contact_info`) VALUES ('ea', '+10(9)5931896584');
INSERT INTO `garage_partner` (`garage_name`, `contact_info`) VALUES ('eaque', '05404367605');
INSERT INTO `garage_partner` (`garage_name`, `contact_info`) VALUES ('earum', '1-398-834-8330x7620');
INSERT INTO `garage_partner` (`garage_name`, `contact_info`) VALUES ('eligendi', '03444598141');
INSERT INTO `garage_partner` (`garage_name`, `contact_info`) VALUES ('enim', '485.795.3057x714');
INSERT INTO `garage_partner` (`garage_name`, `contact_info`) VALUES ('est', '618.147.0893x418');
INSERT INTO `garage_partner` (`garage_name`, `contact_info`) VALUES ('et', '194.845.0967');
INSERT INTO `garage_partner` (`garage_name`, `contact_info`) VALUES ('eum', '1-140-781-9993x878');
INSERT INTO `garage_partner` (`garage_name`, `contact_info`) VALUES ('eveniet', '1-185-732-2676x739');
INSERT INTO `garage_partner` (`garage_name`, `contact_info`) VALUES ('excepturi', '1-329-308-0855x51971');
INSERT INTO `garage_partner` (`garage_name`, `contact_info`) VALUES ('explicabo', '1-942-282-1756x20919');
INSERT INTO `garage_partner` (`garage_name`, `contact_info`) VALUES ('fuga', '(912)762-6248');
INSERT INTO `garage_partner` (`garage_name`, `contact_info`) VALUES ('fugiat', '+81(6)2816434262');
INSERT INTO `garage_partner` (`garage_name`, `contact_info`) VALUES ('harum', '337.997.8113');
INSERT INTO `garage_partner` (`garage_name`, `contact_info`) VALUES ('id', '1-283-872-7184x658');
INSERT INTO `garage_partner` (`garage_name`, `contact_info`) VALUES ('illo', '1-204-214-7463');
INSERT INTO `garage_partner` (`garage_name`, `contact_info`) VALUES ('illum', '036-572-1405');
INSERT INTO `garage_partner` (`garage_name`, `contact_info`) VALUES ('in', '729.377.1644x66284');
INSERT INTO `garage_partner` (`garage_name`, `contact_info`) VALUES ('incidunt', '208.185.8268');
INSERT INTO `garage_partner` (`garage_name`, `contact_info`) VALUES ('inventore', '750.137.0605');
INSERT INTO `garage_partner` (`garage_name`, `contact_info`) VALUES ('ipsum', '972-187-9960');
INSERT INTO `garage_partner` (`garage_name`, `contact_info`) VALUES ('laboriosam', '(822)833-3508');
INSERT INTO `garage_partner` (`garage_name`, `contact_info`) VALUES ('laborum', '03496141634');
INSERT INTO `garage_partner` (`garage_name`, `contact_info`) VALUES ('laudantium', '893.308.1566');
INSERT INTO `garage_partner` (`garage_name`, `contact_info`) VALUES ('libero', '510.699.2634');
INSERT INTO `garage_partner` (`garage_name`, `contact_info`) VALUES ('magnam', '(370)167-2295');
INSERT INTO `garage_partner` (`garage_name`, `contact_info`) VALUES ('maxime', '+99(4)3636435952');
INSERT INTO `garage_partner` (`garage_name`, `contact_info`) VALUES ('minus', '126-517-7565x131');
INSERT INTO `garage_partner` (`garage_name`, `contact_info`) VALUES ('molestias', '04762749682');
INSERT INTO `garage_partner` (`garage_name`, `contact_info`) VALUES ('mollitia', '(765)632-4410');
INSERT INTO `garage_partner` (`garage_name`, `contact_info`) VALUES ('natus', '166.702.3405x132');
INSERT INTO `garage_partner` (`garage_name`, `contact_info`) VALUES ('neque', '906.270.0031x788');
INSERT INTO `garage_partner` (`garage_name`, `contact_info`) VALUES ('nesciunt', '771.970.1871');
INSERT INTO `garage_partner` (`garage_name`, `contact_info`) VALUES ('nihil', '1-889-232-0068x836');
INSERT INTO `garage_partner` (`garage_name`, `contact_info`) VALUES ('nobis', '1-813-959-7466x391');
INSERT INTO `garage_partner` (`garage_name`, `contact_info`) VALUES ('odio', '(726)118-7654x9550');
INSERT INTO `garage_partner` (`garage_name`, `contact_info`) VALUES ('officia', '171.887.1135x579');
INSERT INTO `garage_partner` (`garage_name`, `contact_info`) VALUES ('officiis', '982.316.4424x36572');
INSERT INTO `garage_partner` (`garage_name`, `contact_info`) VALUES ('omnis', '+29(6)9518944571');
INSERT INTO `garage_partner` (`garage_name`, `contact_info`) VALUES ('optio', '+56(8)8288808666');
INSERT INTO `garage_partner` (`garage_name`, `contact_info`) VALUES ('pariatur', '(199)650-2291x742');
INSERT INTO `garage_partner` (`garage_name`, `contact_info`) VALUES ('placeat', '04121128425');
INSERT INTO `garage_partner` (`garage_name`, `contact_info`) VALUES ('porro', '03797914907');
INSERT INTO `garage_partner` (`garage_name`, `contact_info`) VALUES ('possimus', '226-327-1107');
INSERT INTO `garage_partner` (`garage_name`, `contact_info`) VALUES ('praesentium', '02126583399');
INSERT INTO `garage_partner` (`garage_name`, `contact_info`) VALUES ('provident', '1-736-891-0250x4802');
INSERT INTO `garage_partner` (`garage_name`, `contact_info`) VALUES ('quae', '372-704-2648x952');
INSERT INTO `garage_partner` (`garage_name`, `contact_info`) VALUES ('quaerat', '(546)888-0922');
INSERT INTO `garage_partner` (`garage_name`, `contact_info`) VALUES ('quasi', '986.339.2452x4187');
INSERT INTO `garage_partner` (`garage_name`, `contact_info`) VALUES ('qui', '273.245.9833x8707');
INSERT INTO `garage_partner` (`garage_name`, `contact_info`) VALUES ('quia', '144-631-1313');
INSERT INTO `garage_partner` (`garage_name`, `contact_info`) VALUES ('quidem', '024.764.7867');
INSERT INTO `garage_partner` (`garage_name`, `contact_info`) VALUES ('quis', '252.679.7036x7360');
INSERT INTO `garage_partner` (`garage_name`, `contact_info`) VALUES ('quo', '473-088-2033');
INSERT INTO `garage_partner` (`garage_name`, `contact_info`) VALUES ('ratione', '1-824-746-1941x5378');
INSERT INTO `garage_partner` (`garage_name`, `contact_info`) VALUES ('reiciendis', '08322921451');
INSERT INTO `garage_partner` (`garage_name`, `contact_info`) VALUES ('repellendus', '953-548-2671');
INSERT INTO `garage_partner` (`garage_name`, `contact_info`) VALUES ('reprehenderit', '791-501-3365');
INSERT INTO `garage_partner` (`garage_name`, `contact_info`) VALUES ('saepe', '1-806-520-8535');
INSERT INTO `garage_partner` (`garage_name`, `contact_info`) VALUES ('sapiente', '329.924.0838x7900');
INSERT INTO `garage_partner` (`garage_name`, `contact_info`) VALUES ('sed', '+38(8)5637996162');
INSERT INTO `garage_partner` (`garage_name`, `contact_info`) VALUES ('sequi', '166-392-2969x45374');
INSERT INTO `garage_partner` (`garage_name`, `contact_info`) VALUES ('sint', '(276)571-1099x185');
INSERT INTO `garage_partner` (`garage_name`, `contact_info`) VALUES ('sit', '+72(1)3654333481');
INSERT INTO `garage_partner` (`garage_name`, `contact_info`) VALUES ('soluta', '1-466-681-0976');
INSERT INTO `garage_partner` (`garage_name`, `contact_info`) VALUES ('suscipit', '543-649-6495');
INSERT INTO `garage_partner` (`garage_name`, `contact_info`) VALUES ('tempora', '07246714691');
INSERT INTO `garage_partner` (`garage_name`, `contact_info`) VALUES ('tempore', '(014)167-3961x52850');
INSERT INTO `garage_partner` (`garage_name`, `contact_info`) VALUES ('tenetur', '(532)219-2034x288');
INSERT INTO `garage_partner` (`garage_name`, `contact_info`) VALUES ('ullam', '1-451-300-5923x4154');
INSERT INTO `garage_partner` (`garage_name`, `contact_info`) VALUES ('ut', '490-062-9167x573');
INSERT INTO `garage_partner` (`garage_name`, `contact_info`) VALUES ('vel', '072-024-3253x46550');
INSERT INTO `garage_partner` (`garage_name`, `contact_info`) VALUES ('velit', '06215414168');
INSERT INTO `garage_partner` (`garage_name`, `contact_info`) VALUES ('veniam', '(359)386-5972');
INSERT INTO `garage_partner` (`garage_name`, `contact_info`) VALUES ('voluptas', '1-852-017-4745x006');
INSERT INTO `garage_partner` (`garage_name`, `contact_info`) VALUES ('voluptatem', '(472)783-1196x949');
INSERT INTO `garage_partner` (`garage_name`, `contact_info`) VALUES ('voluptatum', '(046)814-5105x804');


#
# TABLE STRUCTURE FOR: policy
#


INSERT INTO `policy` (`policy_no`, `sum_insured`, `start_date`, `end_date`, `policy_type`) VALUES ('10', 6518, '1971-06-03', '1994-10-26', 'collision_coverage');
INSERT INTO `policy` (`policy_no`, `sum_insured`, `start_date`, `end_date`, `policy_type`) VALUES ('101', 7179, '1974-06-16', '2022-07-09', 'personal injury protection');
INSERT INTO `policy` (`policy_no`, `sum_insured`, `start_date`, `end_date`, `policy_type`) VALUES ('104', 6234, '1997-08-09', '1997-03-19', 'personal injury protection');
INSERT INTO `policy` (`policy_no`, `sum_insured`, `start_date`, `end_date`, `policy_type`) VALUES ('105', 7548, '1974-10-08', '2017-09-04', 'personal injury protection');
INSERT INTO `policy` (`policy_no`, `sum_insured`, `start_date`, `end_date`, `policy_type`) VALUES ('107', 8286, '1993-04-28', '1995-09-19', 'collision_coverage');
INSERT INTO `policy` (`policy_no`, `sum_insured`, `start_date`, `end_date`, `policy_type`) VALUES ('108', 5889, '1975-12-24', '1981-12-23', '');
INSERT INTO `policy` (`policy_no`, `sum_insured`, `start_date`, `end_date`, `policy_type`) VALUES ('109', 5559, '1971-04-14', '2019-07-06', '');
INSERT INTO `policy` (`policy_no`, `sum_insured`, `start_date`, `end_date`, `policy_type`) VALUES ('11', 6577, '2009-03-24', '1986-08-10', '');
INSERT INTO `policy` (`policy_no`, `sum_insured`, `start_date`, `end_date`, `policy_type`) VALUES ('111', 8567, '2020-03-15', '2007-07-09', 'comprehensive_coverage');
INSERT INTO `policy` (`policy_no`, `sum_insured`, `start_date`, `end_date`, `policy_type`) VALUES ('112', 6351, '2018-11-29', '2003-01-29', 'collision_coverage');
INSERT INTO `policy` (`policy_no`, `sum_insured`, `start_date`, `end_date`, `policy_type`) VALUES ('113', 6219, '2010-09-29', '1976-11-12', '');
INSERT INTO `policy` (`policy_no`, `sum_insured`, `start_date`, `end_date`, `policy_type`) VALUES ('114', 5864, '2000-03-20', '2010-10-12', 'comprehensive_coverage');
INSERT INTO `policy` (`policy_no`, `sum_insured`, `start_date`, `end_date`, `policy_type`) VALUES ('115', 7749, '1970-11-20', '2013-10-01', 'collision_coverage');
INSERT INTO `policy` (`policy_no`, `sum_insured`, `start_date`, `end_date`, `policy_type`) VALUES ('116', 6764, '1982-02-06', '1971-08-24', '');
INSERT INTO `policy` (`policy_no`, `sum_insured`, `start_date`, `end_date`, `policy_type`) VALUES ('118', 7799, '2018-01-14', '2022-01-15', 'personal injury protection');
INSERT INTO `policy` (`policy_no`, `sum_insured`, `start_date`, `end_date`, `policy_type`) VALUES ('12', 8311, '1984-03-23', '1992-10-21', '');
INSERT INTO `policy` (`policy_no`, `sum_insured`, `start_date`, `end_date`, `policy_type`) VALUES ('120', 7861, '2000-07-05', '1989-09-08', 'collision_coverage');
INSERT INTO `policy` (`policy_no`, `sum_insured`, `start_date`, `end_date`, `policy_type`) VALUES ('122', 8303, '1992-12-30', '2004-04-14', 'personal injury protection');
INSERT INTO `policy` (`policy_no`, `sum_insured`, `start_date`, `end_date`, `policy_type`) VALUES ('123', 7652, '2011-10-14', '2000-11-25', 'comprehensive_coverage');
INSERT INTO `policy` (`policy_no`, `sum_insured`, `start_date`, `end_date`, `policy_type`) VALUES ('124', 5569, '1996-11-20', '1993-02-04', 'personal injury protection');
INSERT INTO `policy` (`policy_no`, `sum_insured`, `start_date`, `end_date`, `policy_type`) VALUES ('126', 5378, '1995-12-08', '1972-11-19', '');
INSERT INTO `policy` (`policy_no`, `sum_insured`, `start_date`, `end_date`, `policy_type`) VALUES ('127', 8575, '1980-06-19', '1980-05-21', 'comprehensive_coverage');
INSERT INTO `policy` (`policy_no`, `sum_insured`, `start_date`, `end_date`, `policy_type`) VALUES ('128', 7666, '1977-12-22', '1983-03-09', 'collision_coverage');
INSERT INTO `policy` (`policy_no`, `sum_insured`, `start_date`, `end_date`, `policy_type`) VALUES ('129', 7113, '2015-11-02', '1991-02-23', 'personal injury protection');
INSERT INTO `policy` (`policy_no`, `sum_insured`, `start_date`, `end_date`, `policy_type`) VALUES ('13', 8461, '1970-10-23', '1993-11-03', 'collision_coverage');
INSERT INTO `policy` (`policy_no`, `sum_insured`, `start_date`, `end_date`, `policy_type`) VALUES ('132', 7124, '2017-08-22', '2009-06-18', 'collision_coverage');
INSERT INTO `policy` (`policy_no`, `sum_insured`, `start_date`, `end_date`, `policy_type`) VALUES ('133', 8694, '1988-09-21', '2016-12-21', 'collision_coverage');
INSERT INTO `policy` (`policy_no`, `sum_insured`, `start_date`, `end_date`, `policy_type`) VALUES ('134', 8166, '1975-09-02', '2015-02-18', 'comprehensive_coverage');
INSERT INTO `policy` (`policy_no`, `sum_insured`, `start_date`, `end_date`, `policy_type`) VALUES ('137', 7415, '1975-11-08', '2002-03-10', '');
INSERT INTO `policy` (`policy_no`, `sum_insured`, `start_date`, `end_date`, `policy_type`) VALUES ('139', 8477, '1979-10-16', '1981-11-17', 'comprehensive_coverage');
INSERT INTO `policy` (`policy_no`, `sum_insured`, `start_date`, `end_date`, `policy_type`) VALUES ('14', 7708, '2001-12-02', '2014-10-05', 'personal injury protection');
INSERT INTO `policy` (`policy_no`, `sum_insured`, `start_date`, `end_date`, `policy_type`) VALUES ('140', 5438, '2013-03-23', '2002-02-23', 'comprehensive_coverage');
INSERT INTO `policy` (`policy_no`, `sum_insured`, `start_date`, `end_date`, `policy_type`) VALUES ('141', 8981, '1996-03-23', '2005-07-26', 'personal injury protection');
INSERT INTO `policy` (`policy_no`, `sum_insured`, `start_date`, `end_date`, `policy_type`) VALUES ('143', 8177, '1989-05-18', '1989-06-13', 'personal injury protection');
INSERT INTO `policy` (`policy_no`, `sum_insured`, `start_date`, `end_date`, `policy_type`) VALUES ('144', 6402, '1988-10-11', '1971-11-03', '');
INSERT INTO `policy` (`policy_no`, `sum_insured`, `start_date`, `end_date`, `policy_type`) VALUES ('147', 7419, '1999-09-17', '2003-06-18', 'comprehensive_coverage');
INSERT INTO `policy` (`policy_no`, `sum_insured`, `start_date`, `end_date`, `policy_type`) VALUES ('149', 8772, '2002-07-26', '1986-05-23', '');
INSERT INTO `policy` (`policy_no`, `sum_insured`, `start_date`, `end_date`, `policy_type`) VALUES ('15', 6696, '2004-10-24', '2009-01-01', 'collision_coverage');
INSERT INTO `policy` (`policy_no`, `sum_insured`, `start_date`, `end_date`, `policy_type`) VALUES ('150', 6913, '2001-12-26', '2001-10-14', 'personal injury protection');
INSERT INTO `policy` (`policy_no`, `sum_insured`, `start_date`, `end_date`, `policy_type`) VALUES ('17', 7400, '2012-03-26', '1974-06-24', '');
INSERT INTO `policy` (`policy_no`, `sum_insured`, `start_date`, `end_date`, `policy_type`) VALUES ('18', 5072, '1999-05-23', '2012-05-15', 'collision_coverage');
INSERT INTO `policy` (`policy_no`, `sum_insured`, `start_date`, `end_date`, `policy_type`) VALUES ('19', 8104, '1987-03-20', '2002-02-10', 'comprehensive_coverage');
INSERT INTO `policy` (`policy_no`, `sum_insured`, `start_date`, `end_date`, `policy_type`) VALUES ('2', 8335, '2003-03-01', '1983-04-22', '');
INSERT INTO `policy` (`policy_no`, `sum_insured`, `start_date`, `end_date`, `policy_type`) VALUES ('21', 7975, '2018-11-25', '2015-11-14', 'personal injury protection');
INSERT INTO `policy` (`policy_no`, `sum_insured`, `start_date`, `end_date`, `policy_type`) VALUES ('22', 7760, '2006-02-17', '1989-10-10', 'comprehensive_coverage');
INSERT INTO `policy` (`policy_no`, `sum_insured`, `start_date`, `end_date`, `policy_type`) VALUES ('24', 8076, '1991-07-31', '1977-04-14', 'personal injury protection');
INSERT INTO `policy` (`policy_no`, `sum_insured`, `start_date`, `end_date`, `policy_type`) VALUES ('27', 7000, '1996-07-13', '2002-10-14', '');
INSERT INTO `policy` (`policy_no`, `sum_insured`, `start_date`, `end_date`, `policy_type`) VALUES ('28', 6111, '1984-10-11', '2020-06-17', 'personal injury protection');
INSERT INTO `policy` (`policy_no`, `sum_insured`, `start_date`, `end_date`, `policy_type`) VALUES ('29', 6029, '2013-06-12', '1981-06-24', '');
INSERT INTO `policy` (`policy_no`, `sum_insured`, `start_date`, `end_date`, `policy_type`) VALUES ('3', 7318, '2019-09-06', '1978-01-22', '');
INSERT INTO `policy` (`policy_no`, `sum_insured`, `start_date`, `end_date`, `policy_type`) VALUES ('30', 6291, '2010-07-29', '2005-01-13', 'comprehensive_coverage');
INSERT INTO `policy` (`policy_no`, `sum_insured`, `start_date`, `end_date`, `policy_type`) VALUES ('31', 7558, '2012-07-10', '1974-03-15', '');
INSERT INTO `policy` (`policy_no`, `sum_insured`, `start_date`, `end_date`, `policy_type`) VALUES ('32', 6407, '1983-05-15', '2010-06-28', 'comprehensive_coverage');
INSERT INTO `policy` (`policy_no`, `sum_insured`, `start_date`, `end_date`, `policy_type`) VALUES ('33', 6884, '1985-08-02', '2008-07-12', 'collision_coverage');
INSERT INTO `policy` (`policy_no`, `sum_insured`, `start_date`, `end_date`, `policy_type`) VALUES ('35', 5823, '1994-11-23', '1983-05-06', '');
INSERT INTO `policy` (`policy_no`, `sum_insured`, `start_date`, `end_date`, `policy_type`) VALUES ('36', 7813, '2013-11-01', '1994-10-07', 'comprehensive_coverage');
INSERT INTO `policy` (`policy_no`, `sum_insured`, `start_date`, `end_date`, `policy_type`) VALUES ('39', 7308, '1981-03-02', '1970-05-24', 'personal injury protection');
INSERT INTO `policy` (`policy_no`, `sum_insured`, `start_date`, `end_date`, `policy_type`) VALUES ('40', 7029, '2001-10-09', '2018-03-07', 'comprehensive_coverage');
INSERT INTO `policy` (`policy_no`, `sum_insured`, `start_date`, `end_date`, `policy_type`) VALUES ('42', 5724, '1983-07-25', '1991-06-14', 'collision_coverage');
INSERT INTO `policy` (`policy_no`, `sum_insured`, `start_date`, `end_date`, `policy_type`) VALUES ('44', 6140, '1997-01-10', '2009-04-04', 'comprehensive_coverage');
INSERT INTO `policy` (`policy_no`, `sum_insured`, `start_date`, `end_date`, `policy_type`) VALUES ('45', 6443, '1975-04-06', '2004-05-28', 'personal injury protection');
INSERT INTO `policy` (`policy_no`, `sum_insured`, `start_date`, `end_date`, `policy_type`) VALUES ('47', 6434, '1974-03-15', '1990-10-28', 'comprehensive_coverage');
INSERT INTO `policy` (`policy_no`, `sum_insured`, `start_date`, `end_date`, `policy_type`) VALUES ('48', 5291, '1976-09-12', '1984-01-16', '');
INSERT INTO `policy` (`policy_no`, `sum_insured`, `start_date`, `end_date`, `policy_type`) VALUES ('49', 7312, '1996-09-11', '1994-04-19', 'personal injury protection');
INSERT INTO `policy` (`policy_no`, `sum_insured`, `start_date`, `end_date`, `policy_type`) VALUES ('5', 7190, '2017-09-25', '2016-12-10', 'collision_coverage');
INSERT INTO `policy` (`policy_no`, `sum_insured`, `start_date`, `end_date`, `policy_type`) VALUES ('50', 6005, '1977-11-20', '2021-07-05', 'comprehensive_coverage');
INSERT INTO `policy` (`policy_no`, `sum_insured`, `start_date`, `end_date`, `policy_type`) VALUES ('51', 8165, '2023-12-22', '1986-02-07', 'personal injury protection');
INSERT INTO `policy` (`policy_no`, `sum_insured`, `start_date`, `end_date`, `policy_type`) VALUES ('53', 7516, '2000-03-08', '2015-07-28', '');
INSERT INTO `policy` (`policy_no`, `sum_insured`, `start_date`, `end_date`, `policy_type`) VALUES ('54', 8725, '1994-07-20', '1996-11-21', 'collision_coverage');
INSERT INTO `policy` (`policy_no`, `sum_insured`, `start_date`, `end_date`, `policy_type`) VALUES ('55', 7735, '2008-11-22', '2001-09-19', 'collision_coverage');
INSERT INTO `policy` (`policy_no`, `sum_insured`, `start_date`, `end_date`, `policy_type`) VALUES ('56', 6287, '2013-08-02', '1989-11-27', '');
INSERT INTO `policy` (`policy_no`, `sum_insured`, `start_date`, `end_date`, `policy_type`) VALUES ('59', 6183, '2003-04-03', '2010-10-14', 'comprehensive_coverage');
INSERT INTO `policy` (`policy_no`, `sum_insured`, `start_date`, `end_date`, `policy_type`) VALUES ('6', 6656, '2010-01-10', '2023-04-17', 'personal injury protection');
INSERT INTO `policy` (`policy_no`, `sum_insured`, `start_date`, `end_date`, `policy_type`) VALUES ('60', 7571, '1997-09-08', '1980-08-26', 'collision_coverage');
INSERT INTO `policy` (`policy_no`, `sum_insured`, `start_date`, `end_date`, `policy_type`) VALUES ('62', 6949, '1999-12-08', '2007-07-22', 'personal injury protection');
INSERT INTO `policy` (`policy_no`, `sum_insured`, `start_date`, `end_date`, `policy_type`) VALUES ('63', 5746, '1986-11-01', '1975-10-04', 'personal injury protection');
INSERT INTO `policy` (`policy_no`, `sum_insured`, `start_date`, `end_date`, `policy_type`) VALUES ('64', 7397, '1985-07-30', '2021-12-03', 'comprehensive_coverage');
INSERT INTO `policy` (`policy_no`, `sum_insured`, `start_date`, `end_date`, `policy_type`) VALUES ('65', 6536, '1998-01-03', '2019-07-21', 'collision_coverage');
INSERT INTO `policy` (`policy_no`, `sum_insured`, `start_date`, `end_date`, `policy_type`) VALUES ('66', 8328, '2018-08-12', '2017-07-12', '');
INSERT INTO `policy` (`policy_no`, `sum_insured`, `start_date`, `end_date`, `policy_type`) VALUES ('67', 7856, '1993-07-25', '2019-07-20', 'personal injury protection');
INSERT INTO `policy` (`policy_no`, `sum_insured`, `start_date`, `end_date`, `policy_type`) VALUES ('68', 5749, '1983-01-21', '2018-04-28', 'comprehensive_coverage');
INSERT INTO `policy` (`policy_no`, `sum_insured`, `start_date`, `end_date`, `policy_type`) VALUES ('69', 5326, '1981-07-04', '1976-10-24', 'collision_coverage');
INSERT INTO `policy` (`policy_no`, `sum_insured`, `start_date`, `end_date`, `policy_type`) VALUES ('7', 5027, '2017-12-01', '1986-12-02', 'comprehensive_coverage');
INSERT INTO `policy` (`policy_no`, `sum_insured`, `start_date`, `end_date`, `policy_type`) VALUES ('71', 7171, '1998-11-19', '2009-04-23', 'collision_coverage');
INSERT INTO `policy` (`policy_no`, `sum_insured`, `start_date`, `end_date`, `policy_type`) VALUES ('72', 5649, '1993-11-24', '1978-01-17', '');
INSERT INTO `policy` (`policy_no`, `sum_insured`, `start_date`, `end_date`, `policy_type`) VALUES ('73', 6309, '1990-10-03', '2015-09-03', 'collision_coverage');
INSERT INTO `policy` (`policy_no`, `sum_insured`, `start_date`, `end_date`, `policy_type`) VALUES ('74', 6749, '1990-03-11', '2021-10-12', 'comprehensive_coverage');
INSERT INTO `policy` (`policy_no`, `sum_insured`, `start_date`, `end_date`, `policy_type`) VALUES ('76', 7457, '1972-03-24', '2014-10-10', 'personal injury protection');
INSERT INTO `policy` (`policy_no`, `sum_insured`, `start_date`, `end_date`, `policy_type`) VALUES ('78', 8715, '1994-08-07', '1978-03-23', 'comprehensive_coverage');
INSERT INTO `policy` (`policy_no`, `sum_insured`, `start_date`, `end_date`, `policy_type`) VALUES ('79', 7027, '2019-12-04', '2003-10-10', 'personal injury protection');
INSERT INTO `policy` (`policy_no`, `sum_insured`, `start_date`, `end_date`, `policy_type`) VALUES ('8', 7041, '2015-04-16', '2015-09-26', 'personal injury protection');
INSERT INTO `policy` (`policy_no`, `sum_insured`, `start_date`, `end_date`, `policy_type`) VALUES ('80', 6807, '1979-11-10', '1990-09-04', '');
INSERT INTO `policy` (`policy_no`, `sum_insured`, `start_date`, `end_date`, `policy_type`) VALUES ('82', 5225, '1996-04-25', '2006-06-18', 'collision_coverage');
INSERT INTO `policy` (`policy_no`, `sum_insured`, `start_date`, `end_date`, `policy_type`) VALUES ('85', 7302, '2016-12-15', '2000-02-06', 'personal injury protection');
INSERT INTO `policy` (`policy_no`, `sum_insured`, `start_date`, `end_date`, `policy_type`) VALUES ('88', 5813, '2001-03-11', '1985-01-10', 'collision_coverage');
INSERT INTO `policy` (`policy_no`, `sum_insured`, `start_date`, `end_date`, `policy_type`) VALUES ('89', 6206, '2016-11-16', '1988-11-20', 'collision_coverage');
INSERT INTO `policy` (`policy_no`, `sum_insured`, `start_date`, `end_date`, `policy_type`) VALUES ('9', 7574, '2019-06-01', '1996-04-13', 'personal injury protection');
INSERT INTO `policy` (`policy_no`, `sum_insured`, `start_date`, `end_date`, `policy_type`) VALUES ('91', 6359, '1994-04-05', '2015-09-08', '');
INSERT INTO `policy` (`policy_no`, `sum_insured`, `start_date`, `end_date`, `policy_type`) VALUES ('92', 8837, '2000-09-14', '1996-08-31', 'personal injury protection');
INSERT INTO `policy` (`policy_no`, `sum_insured`, `start_date`, `end_date`, `policy_type`) VALUES ('97', 8829, '1993-12-09', '2014-03-20', 'comprehensive_coverage');


#
# TABLE STRUCTURE FOR: report
#


INSERT INTO `report` (`report_id`, `ReportDate`, `fraud_detected`, `report_details`) VALUES ('111', '1984-04-13', 'yes', 'Est deserunt aut porro in. Ducimus aut excepturi est ut et molestias. Et non sed totam quidem harum.\nAccusamus consectetur est accusamus eligendi nulla. Est quia omnis reprehenderit quia itaque.');
INSERT INTO `report` (`report_id`, `ReportDate`, `fraud_detected`, `report_details`) VALUES ('113', '2014-08-19', 'no', 'Facere error ut minima quis. Quia voluptas quia qui illo. Sit dolor quaerat amet odio illo. Necessitatibus nisi vitae deserunt ex illo voluptatem.');
INSERT INTO `report` (`report_id`, `ReportDate`, `fraud_detected`, `report_details`) VALUES ('114', '2015-02-24', 'no', 'Maxime laborum consequuntur beatae qui. Numquam sed in autem ut consequatur placeat voluptatem dolorum. In quia autem velit voluptatibus sint.');
INSERT INTO `report` (`report_id`, `ReportDate`, `fraud_detected`, `report_details`) VALUES ('117', '1993-03-13', 'no', 'Cumque omnis excepturi sit vero itaque. Aliquid repellendus sint nihil natus. In rerum quae dolor nulla. Dignissimos id ut officia fuga velit assumenda soluta.');
INSERT INTO `report` (`report_id`, `ReportDate`, `fraud_detected`, `report_details`) VALUES ('120', '1988-07-17', 'yes', 'Qui at ea qui optio. Nam maiores quo error molestiae. Mollitia doloribus nulla accusantium delectus corporis sit.');
INSERT INTO `report` (`report_id`, `ReportDate`, `fraud_detected`, `report_details`) VALUES ('131', '1977-08-09', 'yes', 'Laudantium a deleniti fuga quia voluptates amet. Cumque recusandae voluptas ex consequatur. Sapiente ratione dolorem dolore.');
INSERT INTO `report` (`report_id`, `ReportDate`, `fraud_detected`, `report_details`) VALUES ('133', '2022-11-01', 'no', 'Veniam beatae voluptatibus qui deserunt et quos officiis. Sed soluta est aperiam molestias omnis qui. Beatae itaque maiores voluptate. Autem blanditiis ex omnis asperiores ipsa ipsa ut dolorem.');
INSERT INTO `report` (`report_id`, `ReportDate`, `fraud_detected`, `report_details`) VALUES ('134', '2020-08-27', 'no', 'Aut consequatur repellat harum sapiente repudiandae qui officia occaecati. Sed aliquid nihil vel velit deleniti. Voluptas commodi corporis voluptatem inventore quas.');
INSERT INTO `report` (`report_id`, `ReportDate`, `fraud_detected`, `report_details`) VALUES ('136', '2003-07-29', 'no', 'In explicabo saepe soluta officiis consequatur iste. Ut omnis facere fugit incidunt provident. Sed nihil aut quis. Itaque et officiis dolor velit hic itaque sint.');
INSERT INTO `report` (`report_id`, `ReportDate`, `fraud_detected`, `report_details`) VALUES ('137', '1996-04-02', 'yes', 'Quasi quia vel in ullam. Corporis necessitatibus reprehenderit asperiores quam.');
INSERT INTO `report` (`report_id`, `ReportDate`, `fraud_detected`, `report_details`) VALUES ('139', '2007-01-26', 'no', 'Nostrum et ut praesentium fugit. Dolorem odit qui soluta voluptates porro perspiciatis sunt. Neque eaque enim vero rerum reprehenderit debitis iure animi. Dolores in dolorem iure accusamus.');
INSERT INTO `report` (`report_id`, `ReportDate`, `fraud_detected`, `report_details`) VALUES ('145', '1976-10-12', 'no', 'Dolore necessitatibus qui voluptatem saepe ut a. Iusto qui est odio rerum. Quia sit enim vitae in non aspernatur.');
INSERT INTO `report` (`report_id`, `ReportDate`, `fraud_detected`, `report_details`) VALUES ('148', '1972-03-18', 'no', 'Laboriosam est velit omnis dolore. Quia et temporibus rerum qui delectus necessitatibus magnam. Vitae beatae est nostrum aut voluptatem.');
INSERT INTO `report` (`report_id`, `ReportDate`, `fraud_detected`, `report_details`) VALUES ('155', '2020-03-24', 'yes', 'Voluptatem distinctio dolorum consequatur dicta impedit beatae consequatur. Maxime totam amet ipsam est aspernatur delectus distinctio et.');
INSERT INTO `report` (`report_id`, `ReportDate`, `fraud_detected`, `report_details`) VALUES ('156', '1995-08-09', 'yes', 'Beatae natus voluptatem ipsa ullam odio deserunt. Aut vel omnis id sed voluptatibus enim. Consequatur omnis dolorem modi culpa maiores.');
INSERT INTO `report` (`report_id`, `ReportDate`, `fraud_detected`, `report_details`) VALUES ('157', '2013-12-01', 'yes', 'Aut laudantium nisi omnis eum atque. Nemo voluptas modi quo. Quasi excepturi consequatur quae eos.');
INSERT INTO `report` (`report_id`, `ReportDate`, `fraud_detected`, `report_details`) VALUES ('171', '1979-01-13', 'no', 'Odio minima sit reprehenderit eaque nihil deleniti. Deserunt esse doloremque numquam ad qui perferendis vitae. Modi sunt amet eius.');
INSERT INTO `report` (`report_id`, `ReportDate`, `fraud_detected`, `report_details`) VALUES ('172', '1971-10-19', 'yes', 'Autem est eveniet aut totam voluptatem corporis. Sed nam in quia id.\nAut facere ratione minus qui quod aliquid molestiae nemo. Enim eos fugit id reprehenderit. Enim illum qui asperiores sit.');
INSERT INTO `report` (`report_id`, `ReportDate`, `fraud_detected`, `report_details`) VALUES ('178', '1979-12-23', 'yes', 'Magni consequuntur et dolores. Repudiandae voluptas doloremque voluptatum quo minima dolorum optio quia. Ea in repellendus iure eligendi numquam qui animi.');
INSERT INTO `report` (`report_id`, `ReportDate`, `fraud_detected`, `report_details`) VALUES ('179', '1979-09-15', 'no', 'Aliquid culpa aut qui itaque vitae error sint odit. Dolores rerum esse dolor temporibus.');
INSERT INTO `report` (`report_id`, `ReportDate`, `fraud_detected`, `report_details`) VALUES ('183', '1983-09-29', 'yes', 'Deserunt ut laborum accusamus ut est quam. A ut nostrum temporibus nam distinctio saepe. Eos quibusdam soluta tempora autem.');
INSERT INTO `report` (`report_id`, `ReportDate`, `fraud_detected`, `report_details`) VALUES ('186', '2023-07-12', 'no', 'Aperiam adipisci nam illum exercitationem sunt. Officiis quo impedit perferendis unde. Voluptatem veniam qui necessitatibus magnam expedita quos rerum.');
INSERT INTO `report` (`report_id`, `ReportDate`, `fraud_detected`, `report_details`) VALUES ('188', '1972-01-19', 'yes', 'Nostrum cum commodi magnam et enim. Voluptatem quis culpa aut eum sed. Possimus sed nisi harum laudantium. Consequatur omnis molestiae unde.');
INSERT INTO `report` (`report_id`, `ReportDate`, `fraud_detected`, `report_details`) VALUES ('203', '1975-05-02', 'no', 'Aut voluptatum dolor expedita iusto. Qui sed sit nostrum possimus voluptas. Adipisci dignissimos eaque qui placeat unde aspernatur veniam.');
INSERT INTO `report` (`report_id`, `ReportDate`, `fraud_detected`, `report_details`) VALUES ('206', '1979-07-22', 'no', 'Soluta soluta facere soluta saepe et aut. Voluptas laboriosam provident et hic similique sit sapiente. Tenetur excepturi magnam assumenda doloremque.');
INSERT INTO `report` (`report_id`, `ReportDate`, `fraud_detected`, `report_details`) VALUES ('207', '1984-09-04', 'no', 'Non quia qui consequatur voluptatibus. Id nemo deleniti consequatur est aperiam. Aut maxime et sit eaque reprehenderit. Sit qui et ullam incidunt ipsam autem voluptas.');
INSERT INTO `report` (`report_id`, `ReportDate`, `fraud_detected`, `report_details`) VALUES ('210', '2009-04-12', 'yes', 'Temporibus est consequatur praesentium ut qui autem iste nemo. Repudiandae qui dolorum officia culpa iure ad ut.');
INSERT INTO `report` (`report_id`, `ReportDate`, `fraud_detected`, `report_details`) VALUES ('211', '1990-08-28', 'no', 'Eveniet autem quo aperiam quidem iusto excepturi voluptatem. Dolore dicta repellat et quae. Ipsa doloremque sit odit. Aut perspiciatis facere quisquam quia commodi perspiciatis maxime.');
INSERT INTO `report` (`report_id`, `ReportDate`, `fraud_detected`, `report_details`) VALUES ('214', '2016-03-18', 'no', 'Voluptatem repellat id iusto itaque nam natus repudiandae autem. Sit laborum mollitia atque quo facere deleniti. Laudantium rerum aut nulla totam. Aut vero aut sit soluta et hic minus sit.');
INSERT INTO `report` (`report_id`, `ReportDate`, `fraud_detected`, `report_details`) VALUES ('222', '1995-06-05', 'yes', 'Consequatur ut molestiae accusantium hic magnam. Id unde nemo repellat illum id et quia. Atque adipisci sed et et modi illum quia expedita. Tempora ea cupiditate voluptatem nulla eaque.');
INSERT INTO `report` (`report_id`, `ReportDate`, `fraud_detected`, `report_details`) VALUES ('223', '2004-05-16', 'yes', 'Culpa voluptas non cum dolores voluptas. Et cumque ad laboriosam repellendus dolores consequatur consectetur. Quia aut id cumque voluptas. Occaecati voluptatem rem porro in iusto aut.');
INSERT INTO `report` (`report_id`, `ReportDate`, `fraud_detected`, `report_details`) VALUES ('229', '1995-12-01', 'yes', 'Enim assumenda magnam quia consequuntur libero. Sunt eveniet consequatur et sapiente. Architecto eaque dolorem ut et praesentium enim voluptatibus.');
INSERT INTO `report` (`report_id`, `ReportDate`, `fraud_detected`, `report_details`) VALUES ('232', '2023-09-15', 'no', 'Rerum praesentium ipsum harum ratione ipsum quis. Nulla qui repellendus accusantium alias facilis. Aut nobis quaerat esse.');
INSERT INTO `report` (`report_id`, `ReportDate`, `fraud_detected`, `report_details`) VALUES ('243', '2012-10-10', 'no', 'Dolorum ex beatae et aut harum ducimus. Enim laudantium dicta totam iusto beatae aut. Enim aperiam ullam sed accusantium dolorum accusamus sint.');
INSERT INTO `report` (`report_id`, `ReportDate`, `fraud_detected`, `report_details`) VALUES ('245', '1998-11-29', 'yes', 'Fuga dignissimos iure dolorem quos minus est. Nisi rem minus nostrum odit asperiores voluptas magni. Voluptas quis dolorem sed aliquid odio dicta.');
INSERT INTO `report` (`report_id`, `ReportDate`, `fraud_detected`, `report_details`) VALUES ('249', '1975-05-17', 'yes', 'Cum voluptas exercitationem numquam veniam molestiae. Aut ea nihil atque.');
INSERT INTO `report` (`report_id`, `ReportDate`, `fraud_detected`, `report_details`) VALUES ('251', '1993-04-26', 'no', 'Impedit rerum totam odit porro iure. Qui et quo rem totam repellat. Magnam et sequi nihil ex officiis autem.');
INSERT INTO `report` (`report_id`, `ReportDate`, `fraud_detected`, `report_details`) VALUES ('252', '2012-01-29', 'yes', 'Esse id cumque dolor omnis eum. Ad numquam quaerat qui enim ut a suscipit. Omnis provident aperiam voluptates. Ea placeat et ut sunt qui sit.');
INSERT INTO `report` (`report_id`, `ReportDate`, `fraud_detected`, `report_details`) VALUES ('261', '1985-01-18', 'no', 'Sit reiciendis aperiam a recusandae. Voluptatem ratione voluptas quaerat fugiat. Maxime aut rerum et tempora ipsum rem et. Ab tempore natus voluptate et.');
INSERT INTO `report` (`report_id`, `ReportDate`, `fraud_detected`, `report_details`) VALUES ('262', '2000-01-03', 'yes', 'Nesciunt aut magnam accusamus eos dolorem dolores voluptatem. Assumenda sed quam exercitationem hic corporis. Voluptatem ut hic harum ipsa qui. Corporis perferendis qui id ut ullam veniam.');
INSERT INTO `report` (`report_id`, `ReportDate`, `fraud_detected`, `report_details`) VALUES ('273', '2019-02-17', 'no', 'Quo id error fugiat est qui a non. Nam omnis a autem consequatur et. Odio et nostrum vitae veritatis perspiciatis assumenda dolores. Optio ut vero voluptas quae animi nisi.');
INSERT INTO `report` (`report_id`, `ReportDate`, `fraud_detected`, `report_details`) VALUES ('274', '1986-10-01', 'yes', 'Quos tempora minus iste beatae. Dolor modi facilis occaecati eos id magnam. Modi est occaecati ut omnis et natus consequatur.');
INSERT INTO `report` (`report_id`, `ReportDate`, `fraud_detected`, `report_details`) VALUES ('279', '2012-08-24', 'yes', 'Quis doloremque et qui quam corrupti provident ex. Architecto delectus voluptas animi deleniti. Quas praesentium unde nostrum sit. Et vitae unde esse magni ipsa enim odit nam.');
INSERT INTO `report` (`report_id`, `ReportDate`, `fraud_detected`, `report_details`) VALUES ('283', '1982-03-12', 'no', 'Explicabo eius ut nihil facere temporibus fuga. Officiis nam sed est harum enim maxime. Atque veritatis quibusdam omnis minus illo perferendis rerum.');
INSERT INTO `report` (`report_id`, `ReportDate`, `fraud_detected`, `report_details`) VALUES ('284', '2000-06-19', 'yes', 'Ut veritatis eos earum cum maiores. Aspernatur accusamus earum vero provident. Veritatis nihil ut ut quidem. Magnam quibusdam dolores placeat possimus aut.');
INSERT INTO `report` (`report_id`, `ReportDate`, `fraud_detected`, `report_details`) VALUES ('287', '2004-07-09', 'yes', 'Blanditiis dolore praesentium eos qui nemo amet aspernatur architecto. Quo quo est facere nemo quibusdam porro dolor. Doloremque consequatur molestiae voluptatem et aut officiis dolores.');
INSERT INTO `report` (`report_id`, `ReportDate`, `fraud_detected`, `report_details`) VALUES ('288', '2003-02-09', 'yes', 'Harum corporis suscipit ad tempora autem aut veritatis. Quo quo rem vero est. Voluptates delectus quo aut voluptatibus quia. Beatae velit odit dolorum iste.');
INSERT INTO `report` (`report_id`, `ReportDate`, `fraud_detected`, `report_details`) VALUES ('289', '2007-08-14', 'yes', 'Voluptatem eum velit omnis laudantium. Nam molestias sed eos enim quia illum repellat. Ut exercitationem qui non aspernatur perferendis. Aut assumenda tempora cupiditate molestiae recusandae non.');
INSERT INTO `report` (`report_id`, `ReportDate`, `fraud_detected`, `report_details`) VALUES ('295', '2000-05-31', 'no', 'Ad eos minima nam necessitatibus. Esse qui cum sit totam. Qui amet explicabo eum consectetur in quis.');
INSERT INTO `report` (`report_id`, `ReportDate`, `fraud_detected`, `report_details`) VALUES ('298', '1989-04-19', 'no', 'Odit ut in asperiores quaerat. Voluptas beatae eos excepturi aut eos velit est consequuntur.\nEum ut perspiciatis eum at dolore sed facilis. Atque autem consequuntur facilis quia nisi nostrum.');
INSERT INTO `report` (`report_id`, `ReportDate`, `fraud_detected`, `report_details`) VALUES ('300', '2004-01-03', 'yes', 'Magnam sit illo dolores rerum fuga. Rem velit voluptatem non commodi. In aliquam eos non. Porro incidunt aliquam dicta minima.');
INSERT INTO `report` (`report_id`, `ReportDate`, `fraud_detected`, `report_details`) VALUES ('302', '1987-11-22', 'no', 'Est sint ex impedit quia assumenda unde. Odit mollitia earum laborum accusantium.');
INSERT INTO `report` (`report_id`, `ReportDate`, `fraud_detected`, `report_details`) VALUES ('305', '2007-10-26', 'yes', 'Cupiditate commodi soluta ducimus illum. Eum eos ad odit pariatur cumque eos ut. Reiciendis aspernatur sunt omnis repellat.');
INSERT INTO `report` (`report_id`, `ReportDate`, `fraud_detected`, `report_details`) VALUES ('306', '2023-02-17', 'no', 'Blanditiis odio et placeat odit quisquam non. Est ex dicta veritatis et adipisci repudiandae. Qui nulla laudantium modi sequi assumenda dolore ducimus.');
INSERT INTO `report` (`report_id`, `ReportDate`, `fraud_detected`, `report_details`) VALUES ('312', '2017-07-31', 'no', 'Ut est voluptate repudiandae velit. Odio deserunt quisquam quam laboriosam est et. Tempore iusto consequuntur incidunt ad consequatur quis.');
INSERT INTO `report` (`report_id`, `ReportDate`, `fraud_detected`, `report_details`) VALUES ('313', '2020-06-09', 'no', 'Quos sapiente nobis id libero rem. Voluptas sit rerum quis. Optio doloremque voluptatum quia laudantium natus ut. Quia praesentium voluptate et et.');
INSERT INTO `report` (`report_id`, `ReportDate`, `fraud_detected`, `report_details`) VALUES ('332', '2013-04-13', 'yes', 'Rem ad aut ab omnis assumenda sapiente ut adipisci. Dolorem et impedit sed quia natus eum. Iure et at delectus.');
INSERT INTO `report` (`report_id`, `ReportDate`, `fraud_detected`, `report_details`) VALUES ('342', '2022-01-14', 'yes', 'Facilis illo molestias hic mollitia non rem. Rem nemo voluptas officiis quia provident. Minima cum corporis nulla est. Unde facilis aut blanditiis rem in.');
INSERT INTO `report` (`report_id`, `ReportDate`, `fraud_detected`, `report_details`) VALUES ('348', '1991-04-21', 'yes', 'Quaerat enim ipsa at ut molestias delectus vel amet. Delectus laudantium molestias cumque tenetur. Alias earum non aut provident consequatur porro.');
INSERT INTO `report` (`report_id`, `ReportDate`, `fraud_detected`, `report_details`) VALUES ('358', '2016-10-23', 'yes', 'Non ut cumque doloremque iste quas. Inventore quis vel voluptatem. Quia nesciunt nulla recusandae alias sequi saepe.');
INSERT INTO `report` (`report_id`, `ReportDate`, `fraud_detected`, `report_details`) VALUES ('363', '2022-01-06', 'yes', 'Qui numquam optio rerum iure et. Ipsam possimus libero modi soluta. Nemo sit vel quibusdam nisi non labore.');
INSERT INTO `report` (`report_id`, `ReportDate`, `fraud_detected`, `report_details`) VALUES ('369', '1997-09-05', 'no', 'Sit et dolorem et dolorem. Nostrum quam minima aut. Magni facere veniam quia ea.');
INSERT INTO `report` (`report_id`, `ReportDate`, `fraud_detected`, `report_details`) VALUES ('374', '1975-10-19', 'yes', 'Quasi accusamus doloremque omnis eligendi nobis. Totam et voluptatum sequi. Occaecati sed atque unde eum consequatur minima corporis occaecati.');
INSERT INTO `report` (`report_id`, `ReportDate`, `fraud_detected`, `report_details`) VALUES ('376', '1980-05-28', 'yes', 'Aut non consequatur et corporis omnis. Laborum omnis hic quis natus in. Ea sunt recusandae tenetur error est dolore est molestias. Cupiditate aut aliquam voluptas quas quibusdam hic.');
INSERT INTO `report` (`report_id`, `ReportDate`, `fraud_detected`, `report_details`) VALUES ('377', '1997-08-01', 'no', 'Velit facilis quis at aliquam. Alias excepturi est sequi libero iste.');
INSERT INTO `report` (`report_id`, `ReportDate`, `fraud_detected`, `report_details`) VALUES ('378', '2006-10-28', 'no', 'Architecto delectus voluptatem ipsa magnam autem mollitia. Ut magnam reiciendis numquam iure non enim. Quam nihil ut omnis. Occaecati vitae ducimus voluptatem et est rem.');
INSERT INTO `report` (`report_id`, `ReportDate`, `fraud_detected`, `report_details`) VALUES ('384', '1985-07-04', 'no', 'Repellat sit molestiae nihil ipsum et. Qui quis nisi error aspernatur vel autem voluptas. Cumque et saepe et voluptatibus occaecati quas omnis. Voluptatem id sit dolores omnis.');
INSERT INTO `report` (`report_id`, `ReportDate`, `fraud_detected`, `report_details`) VALUES ('389', '1982-08-28', 'no', 'Nisi qui placeat officia. Quam molestiae aliquid cupiditate velit cumque. Impedit magni eius consequatur et laborum tempora accusamus molestiae.');
INSERT INTO `report` (`report_id`, `ReportDate`, `fraud_detected`, `report_details`) VALUES ('393', '2019-12-19', 'yes', 'Dolorum ipsa non doloremque accusamus ut nihil. Sit enim ipsa ut aperiam nulla. Ut dolor et consequatur ipsam sit voluptatum aut. Natus nesciunt maiores quo dicta.');
INSERT INTO `report` (`report_id`, `ReportDate`, `fraud_detected`, `report_details`) VALUES ('396', '1985-02-01', 'yes', 'Aperiam delectus excepturi accusamus aliquam eligendi. Sapiente at aspernatur quia molestiae placeat mollitia sunt. Molestias necessitatibus et repudiandae accusamus est cum sit quis.');
INSERT INTO `report` (`report_id`, `ReportDate`, `fraud_detected`, `report_details`) VALUES ('404', '1981-04-16', 'no', 'Sed temporibus aliquam sit adipisci. Est ab repudiandae nesciunt qui. Tempora eum eum quibusdam quia.');
INSERT INTO `report` (`report_id`, `ReportDate`, `fraud_detected`, `report_details`) VALUES ('406', '1984-03-17', 'no', 'Qui maiores explicabo soluta dolorum. Magnam dolore iure qui earum sint debitis ut. Quam temporibus qui quidem labore dolorem amet.');
INSERT INTO `report` (`report_id`, `ReportDate`, `fraud_detected`, `report_details`) VALUES ('409', '2001-09-24', 'no', 'Et perferendis recusandae iusto ex numquam tempora laborum. Iste esse possimus impedit eos omnis. Quis quasi in qui possimus perspiciatis nesciunt saepe ut. Velit dolorem est ut quia iusto.');
INSERT INTO `report` (`report_id`, `ReportDate`, `fraud_detected`, `report_details`) VALUES ('413', '1994-06-06', 'no', 'Laborum velit dolorem ducimus debitis molestiae a tempora. Tempore itaque quia dolorem mollitia. Error ut velit et repellendus. Quia culpa corporis nemo voluptate.');
INSERT INTO `report` (`report_id`, `ReportDate`, `fraud_detected`, `report_details`) VALUES ('414', '2023-11-26', 'no', 'Quibusdam quia eos rerum autem velit magnam. Id quae ut voluptas itaque. Sint in nulla omnis quia est ex et. Aut sit laboriosam maxime vitae rerum ipsam omnis.');
INSERT INTO `report` (`report_id`, `ReportDate`, `fraud_detected`, `report_details`) VALUES ('421', '1981-11-06', 'no', 'Ut possimus harum porro excepturi mollitia incidunt. Quis tempore dignissimos nesciunt dicta. Maxime et ea quos.');
INSERT INTO `report` (`report_id`, `ReportDate`, `fraud_detected`, `report_details`) VALUES ('424', '1982-07-17', 'no', 'Odit quibusdam modi cum eveniet. Reprehenderit eos et explicabo quo omnis. Excepturi quidem non tenetur consequatur exercitationem. Non quis accusantium et blanditiis modi.');
INSERT INTO `report` (`report_id`, `ReportDate`, `fraud_detected`, `report_details`) VALUES ('429', '1973-01-27', 'no', 'Qui delectus magni optio ex. Pariatur doloribus maiores omnis autem nam consequatur voluptas. Consequatur et labore nam illum ab.');
INSERT INTO `report` (`report_id`, `ReportDate`, `fraud_detected`, `report_details`) VALUES ('430', '2021-05-22', 'yes', 'Voluptatibus consequuntur delectus repellat ea et. Tenetur ut aut atque sed et. Excepturi cumque sit nesciunt delectus pariatur aliquam dolores.');
INSERT INTO `report` (`report_id`, `ReportDate`, `fraud_detected`, `report_details`) VALUES ('433', '1974-03-26', 'yes', 'Maxime placeat necessitatibus odit occaecati. Eum aut nulla soluta et dolor molestias ut.');
INSERT INTO `report` (`report_id`, `ReportDate`, `fraud_detected`, `report_details`) VALUES ('438', '2023-05-09', 'yes', 'Laborum autem soluta in ea. Dolore laudantium et asperiores eum dolorem qui. Cum qui sunt explicabo neque inventore. Est qui id quidem voluptatum et ea.');
INSERT INTO `report` (`report_id`, `ReportDate`, `fraud_detected`, `report_details`) VALUES ('442', '2018-01-07', 'yes', 'Et rerum qui dicta aliquam dolores repellat minima cumque. Exercitationem sed et sed magnam quo qui impedit. Quos qui aperiam et omnis.');
INSERT INTO `report` (`report_id`, `ReportDate`, `fraud_detected`, `report_details`) VALUES ('446', '1997-12-10', 'yes', 'Ea laboriosam quos dolorum facilis. Nobis minima at quo et ratione ipsa qui. Doloremque id magni ipsum tenetur distinctio earum non. Voluptatum provident nihil placeat omnis.');
INSERT INTO `report` (`report_id`, `ReportDate`, `fraud_detected`, `report_details`) VALUES ('451', '2020-10-24', 'yes', 'Est sit expedita quibusdam praesentium autem. Est esse omnis quos corporis consequuntur provident culpa. Consequatur architecto eos quas quidem aliquid praesentium.');
INSERT INTO `report` (`report_id`, `ReportDate`, `fraud_detected`, `report_details`) VALUES ('458', '2023-11-25', 'no', 'Eaque est est sit quo reprehenderit non. Laborum odio quia sequi vero pariatur voluptatum minus. Veniam debitis doloribus dolores ut aut ratione ipsum qui. Ea quia consequuntur illo sequi magni fuga.');
INSERT INTO `report` (`report_id`, `ReportDate`, `fraud_detected`, `report_details`) VALUES ('461', '2009-01-12', 'yes', 'Deleniti at alias porro sed nostrum. Itaque fuga tempora ea consequuntur quia qui a. Rerum eligendi est delectus repudiandae occaecati nihil dolores.');
INSERT INTO `report` (`report_id`, `ReportDate`, `fraud_detected`, `report_details`) VALUES ('464', '2022-09-03', 'yes', 'Mollitia non ducimus a vero. Aspernatur labore est quasi non qui est. Voluptatem sunt quo aut quia occaecati et.');
INSERT INTO `report` (`report_id`, `ReportDate`, `fraud_detected`, `report_details`) VALUES ('469', '2005-01-28', 'yes', 'Animi eum aspernatur et. Ut eius iure officiis unde molestias qui. Ratione nihil esse expedita sequi ratione esse.');
INSERT INTO `report` (`report_id`, `ReportDate`, `fraud_detected`, `report_details`) VALUES ('475', '2018-11-28', 'yes', 'Error earum ullam accusamus aut dolor sed quia deleniti. Molestiae error et est non nisi quasi cupiditate. Reiciendis ad dolor ipsam rerum. Quasi optio pariatur hic earum sed soluta.');
INSERT INTO `report` (`report_id`, `ReportDate`, `fraud_detected`, `report_details`) VALUES ('478', '1990-03-01', 'no', 'Ad iure ut veniam. Sunt est at omnis qui maiores eaque. Illo blanditiis corrupti labore non fuga. Omnis labore sed aut libero quo eos. Aut aut ut ipsam totam suscipit ut eos.');
INSERT INTO `report` (`report_id`, `ReportDate`, `fraud_detected`, `report_details`) VALUES ('479', '2006-05-16', 'yes', 'Reprehenderit eos ut dolore porro nihil. Dolor unde odit iste dicta harum rerum. Cumque laboriosam harum et mollitia id nobis laboriosam. Autem sequi molestiae molestias accusamus suscipit neque.');
INSERT INTO `report` (`report_id`, `ReportDate`, `fraud_detected`, `report_details`) VALUES ('483', '1999-06-22', 'yes', 'Nisi officiis veniam quia adipisci corrupti fuga. Necessitatibus numquam suscipit molestiae quo omnis et.');
INSERT INTO `report` (`report_id`, `ReportDate`, `fraud_detected`, `report_details`) VALUES ('486', '1985-08-27', 'no', 'Quas qui quos voluptatem ullam aut. Quo veniam eaque atque dolore.');
INSERT INTO `report` (`report_id`, `ReportDate`, `fraud_detected`, `report_details`) VALUES ('487', '1991-08-29', 'yes', 'Et quidem odit hic quis. Ex dolorem rerum soluta. Doloremque velit voluptatum molestias architecto in voluptas. Quod consequatur ab beatae qui.');
INSERT INTO `report` (`report_id`, `ReportDate`, `fraud_detected`, `report_details`) VALUES ('491', '2002-12-18', 'yes', 'Veniam non quam quia rem facere laborum accusantium. Nam sint et esse architecto nostrum aut. Deleniti similique pariatur ipsa est officiis dolores. Nulla sed quas sit eos magni.');
INSERT INTO `report` (`report_id`, `ReportDate`, `fraud_detected`, `report_details`) VALUES ('492', '1981-12-22', 'no', 'Eveniet quo ut enim in sit. Eos necessitatibus eos laboriosam. Temporibus maxime et odit qui unde. Similique officia quae beatae voluptatem sunt.');
INSERT INTO `report` (`report_id`, `ReportDate`, `fraud_detected`, `report_details`) VALUES ('493', '1997-07-14', 'yes', 'Quibusdam laboriosam sit ut sed reprehenderit autem vel. Et officia est qui laboriosam est et. Mollitia odit nihil reprehenderit similique non. Explicabo quis sunt architecto.');
INSERT INTO `report` (`report_id`, `ReportDate`, `fraud_detected`, `report_details`) VALUES ('494', '2003-04-19', 'no', 'Quidem a ad aliquam maxime in aperiam sint porro. Laborum exercitationem nisi consequatur nulla atque unde dolorem. Maxime laborum non rerum reiciendis vel voluptatem.');
INSERT INTO `report` (`report_id`, `ReportDate`, `fraud_detected`, `report_details`) VALUES ('497', '2010-10-08', 'yes', 'Deleniti omnis reiciendis doloremque ipsa reprehenderit. Dolores debitis quo nisi velit. Amet accusantium nemo error sint ut quos. Et aliquid aut eos velit maiores rem cumque.');
INSERT INTO `report` (`report_id`, `ReportDate`, `fraud_detected`, `report_details`) VALUES ('498', '2005-11-06', 'no', 'Blanditiis aliquid et eligendi exercitationem corrupti cupiditate. Beatae aut et itaque at quis qui consequatur est. Vero consequatur numquam saepe consequatur consequuntur voluptatem corporis.');

SET foreign_key_checks = 1;
